question;answer;answer_ab
"O monedă e capul sus. Whitney aruncă moneda. Erika nu aruncă moneda. TJ nu aruncă moneda. Benito aruncă moneda. Moneda e încă în sus? Observaţi că ""turn"" înseamnă ""întoarce"". ";Da, domnule. ;A
"O monedă e capul sus. Lucky nu aruncă moneda. Mireya aruncă moneda. JJ aruncă moneda. KC aruncă moneda. Moneda e încă în sus? Observaţi că ""turn"" înseamnă ""întoarce"". ";Nu, nu. ;B
"O monedă e capul sus. Caleb aruncă moneda. Chase aruncă moneda. Eleazar aruncă moneda. Chanel nu aruncă moneda. Moneda e încă în sus? Observaţi că ""turn"" înseamnă ""întoarce"". ";Nu, nu. ;B
"O monedă e capul sus. Silvia aruncă moneda. Carolina nu aruncă moneda. Stan aruncă moneda. Chuck aruncă moneda. Moneda e încă în sus? Observaţi că ""turn"" înseamnă ""întoarce"". ";Nu, nu. ;B
"O monedă e capul sus. Breanna aruncă moneda. Trey nu aruncă moneda. Omar aruncă moneda. Patrice nu aruncă moneda. Moneda e încă în sus? Observaţi că ""turn"" înseamnă ""întoarce"". ";Da, domnule. ;A
"O monedă e capul sus. Lilian aruncă moneda. Ian aruncă moneda. Bryce aruncă moneda. Aracely nu aruncă moneda. Moneda e încă în sus? Observaţi că ""turn"" înseamnă ""întoarce"". ";Nu, nu. ;B
"O monedă e capul sus. Walter nu aruncă moneda. Mikayla nu aruncă moneda. Larry nu aruncă moneda. Ryan nu aruncă moneda. Moneda e încă în sus? Observaţi că ""turn"" înseamnă ""întoarce"". ";Da, domnule. ;A
"O monedă e capul sus. Angelina aruncă moneda. Layla aruncă moneda. Jenny aruncă moneda. Zane nu aruncă moneda. Moneda e încă în sus? Observaţi că ""turn"" înseamnă ""întoarce"". ";Nu, nu. ;B
"O monedă e capul sus. Lizzy aruncă moneda. Juany nu aruncă moneda. Aisha aruncă moneda. Brenda nu aruncă moneda. Moneda e încă în sus? Observaţi că ""turn"" înseamnă ""întoarce"". ";Da, domnule. ;A
"O monedă e capul sus. Elise aruncă moneda. Lupe aruncă moneda. Renee nu aruncă moneda. Noemi nu aruncă moneda. Moneda e încă în sus? Observaţi că ""turn"" înseamnă ""întoarce"". ";Da, domnule. ;A
"O monedă e capul sus. Jesse aruncă moneda. Roderick aruncă moneda. Travis nu aruncă moneda. Rita nu aruncă moneda. Moneda e încă în sus? Observaţi că ""turn"" înseamnă ""întoarce"". ";Da, domnule. ;A
"O monedă e capul sus. Cinthia nu aruncă moneda. Lloyd nu aruncă moneda. Jacqueline aruncă moneda. JC aruncă moneda. Moneda e încă în sus? Observaţi că ""turn"" înseamnă ""întoarce"". ";Da, domnule. ;A
"O monedă e capul sus. Sterling aruncă moneda. Jenifer aruncă moneda. Patsy aruncă moneda. Denise aruncă moneda. Moneda e încă în sus? Observaţi că ""turn"" înseamnă ""întoarce"". ";Da, domnule. ;A
"O monedă e capul sus. Beatriz aruncă moneda. Gillian nu aruncă moneda. Coco nu aruncă moneda. Vivian nu aruncă moneda. Moneda e încă în sus? Observaţi că ""turn"" înseamnă ""întoarce"". ";Nu, nu. ;B
"O monedă e capul sus. Prince aruncă moneda. Rene aruncă moneda. Vishal aruncă moneda. Patrick nu aruncă moneda. Moneda e încă în sus? Observaţi că ""turn"" înseamnă ""întoarce"". ";Nu, nu. ;B
"O monedă e capul sus. Jae nu aruncă moneda. Dennis nu aruncă moneda. Cris aruncă moneda. Bernadette aruncă moneda. Moneda e încă în sus? Observaţi că ""turn"" înseamnă ""întoarce"". ";Da, domnule. ;A
"O monedă e capul sus. Hank nu aruncă moneda. Janine nu aruncă moneda. Frankie aruncă moneda. Isa aruncă moneda. Moneda e încă în sus? Observaţi că ""turn"" înseamnă ""întoarce"". ";Da, domnule. ;A
"O monedă e capul sus. Max nu aruncă moneda. Mikey nu aruncă moneda. Cynthia nu aruncă moneda. Holly aruncă moneda. Moneda e încă în sus? Observaţi că ""turn"" înseamnă ""întoarce"". ";Nu, nu. ;B
"O monedă e capul sus. Christy aruncă moneda. Rey nu aruncă moneda. Michelle aruncă moneda. Dolly nu aruncă moneda. Moneda e încă în sus? Observaţi că ""turn"" înseamnă ""întoarce"". ";Da, domnule. ;A
"O monedă e capul sus. Annie nu aruncă moneda. Toño aruncă moneda. Sharon aruncă moneda. Delores aruncă moneda. Moneda e încă în sus? Observaţi că ""turn"" înseamnă ""întoarce"". ";Nu, nu. ;B
"O monedă e capul sus. Jessy nu aruncă moneda. Libby nu aruncă moneda. Danielle aruncă moneda. Roşu aruncă moneda. Moneda e încă în sus? Observaţi că ""turn"" înseamnă ""întoarce"". ";Da, domnule. ;A
"O monedă e capul sus. Jorge nu aruncă moneda. Natalia nu aruncă moneda. Bryant aruncă moneda. Kiran aruncă moneda. Moneda e încă în sus? Observaţi că ""turn"" înseamnă ""întoarce"". ";Da, domnule. ;A
"O monedă e capul sus. Yan nu aruncă moneda. Eunice nu aruncă moneda. Joseph aruncă moneda. Hugh nu aruncă moneda. Moneda e încă în sus? Observaţi că ""turn"" înseamnă ""întoarce"". ";Nu, nu. ;B
"O monedă e capul sus. Melody nu aruncă moneda. Ramiro nu aruncă moneda. Humberto nu aruncă moneda. Jacob nu aruncă moneda. Moneda e încă în sus? Observaţi că ""turn"" înseamnă ""întoarce"". ";Da, domnule. ;A
"O monedă e capul sus. Domingo nu aruncă moneda. Briana aruncă moneda. Michael aruncă moneda. Joan nu aruncă moneda. Moneda e încă în sus? Observaţi că ""turn"" înseamnă ""întoarce"". ";Da, domnule. ;A
"O monedă e capul sus. Kristopher nu aruncă moneda. Deb aruncă moneda. Jake aruncă moneda. Tammy aruncă moneda. Moneda e încă în sus? Observaţi că ""turn"" înseamnă ""întoarce"". ";Nu, nu. ;B
"O monedă e capul sus. Morgan aruncă moneda. Perla nu aruncă moneda. Joao nu aruncă moneda. Marta nu aruncă moneda. Moneda e încă în sus? Observaţi că ""turn"" înseamnă ""întoarce"". ";Nu, nu. ;B
"O monedă e capul sus. Penny aruncă moneda. Harry nu aruncă moneda. Jessica nu aruncă moneda. Horacio aruncă moneda. Moneda e încă în sus? Observaţi că ""turn"" înseamnă ""întoarce"". ";Da, domnule. ;A
"O monedă e capul sus. Billie nu aruncă moneda. Paloma nu aruncă moneda. Tanner nu aruncă moneda. Raul nu aruncă moneda. Moneda e încă în sus? Observaţi că ""turn"" înseamnă ""întoarce"". ";Da, domnule. ;A
"O monedă e capul sus. Rena nu aruncă moneda. Devon nu aruncă moneda. Rosalinda nu aruncă moneda. Paulina nu aruncă moneda. Moneda e încă în sus? Observaţi că ""turn"" înseamnă ""întoarce"". ";Da, domnule. ;A
"O monedă e capul sus. Axel aruncă moneda. Osvaldo aruncă moneda. Mildred nu aruncă moneda. Sylvia aruncă moneda. Moneda e încă în sus? Observaţi că ""turn"" înseamnă ""întoarce"". ";Nu, nu. ;B
"O monedă e capul sus. Emiliano aruncă moneda. Jasmin aruncă moneda. Wade aruncă moneda. Vilma nu aruncă moneda. Moneda e încă în sus? Observaţi că ""turn"" înseamnă ""întoarce"". ";Nu, nu. ;B
"O monedă e capul sus. Lino nu aruncă moneda. Mariel nu aruncă moneda. Aditya nu aruncă moneda. Elisabeth aruncă moneda. Moneda e încă în sus? Observaţi că ""turn"" înseamnă ""întoarce"". ";Nu, nu. ;B
"O monedă e capul sus. Jacky aruncă moneda. Socorro aruncă moneda. Mark aruncă moneda. Wanda nu aruncă moneda. Moneda e încă în sus? Observaţi că ""turn"" înseamnă ""întoarce"". ";Nu, nu. ;B
"O monedă e capul sus. Mauricio aruncă moneda. Lee nu aruncă moneda. Madi nu aruncă moneda. Lizzie aruncă moneda. Moneda e încă în sus? Observaţi că ""turn"" înseamnă ""întoarce"". ";Da, domnule. ;A
"O monedă e capul sus. Ruben aruncă moneda. Bernardo aruncă moneda. Ariel nu aruncă moneda. Shelley aruncă moneda. Moneda e încă în sus? Observaţi că ""turn"" înseamnă ""întoarce"". ";Nu, nu. ;B
"O monedă e capul sus. Phillip nu aruncă moneda. Ajay aruncă moneda. Janie aruncă moneda. Augusto aruncă moneda. Moneda e încă în sus? Observaţi că ""turn"" înseamnă ""întoarce"". ";Nu, nu. ;B
"O monedă e capul sus. Ari aruncă moneda. Jasmine nu aruncă moneda. Elliot aruncă moneda. Kendrick aruncă moneda. Moneda e încă în sus? Observaţi că ""turn"" înseamnă ""întoarce"". ";Nu, nu. ;B
"O monedă e capul sus. Margarita aruncă moneda. Anabel aruncă moneda. Shaun aruncă moneda. Celina aruncă moneda. Moneda e încă în sus? Observaţi că ""turn"" înseamnă ""întoarce"". ";Da, domnule. ;A
"O monedă e capul sus. Geo nu aruncă moneda. Kody nu aruncă moneda. Isaias aruncă moneda. Giovanni aruncă moneda. Moneda e încă în sus? Observaţi că ""turn"" înseamnă ""întoarce"". ";Da, domnule. ;A
"O monedă e capul sus. Kennedy aruncă moneda. Ginny nu aruncă moneda. Iliana aruncă moneda. Sky nu aruncă moneda. Moneda e încă în sus? Observaţi că ""turn"" înseamnă ""întoarce"". ";Da, domnule. ;A
"O monedă e capul sus. Billy aruncă moneda. Kassandra aruncă moneda. Bucuria nu aruncă moneda. Abe aruncă moneda. Moneda e încă în sus? Observaţi că ""turn"" înseamnă ""întoarce"". ";Nu, nu. ;B
"O monedă e capul sus. Nubia aruncă moneda. Sarah nu aruncă moneda. Jalen nu aruncă moneda. Kris aruncă moneda. Moneda e încă în sus? Observaţi că ""turn"" înseamnă ""întoarce"". ";Da, domnule. ;A
"O monedă e capul sus. Ale nu aruncă moneda. Gaspar aruncă moneda. Sonny nu aruncă moneda. Simon aruncă moneda. Moneda e încă în sus? Observaţi că ""turn"" înseamnă ""întoarce"". ";Da, domnule. ;A
"O monedă e capul sus. Skylar aruncă moneda. Chrissy nu aruncă moneda. Misty aruncă moneda. Kike aruncă moneda. Moneda e încă în sus? Observaţi că ""turn"" înseamnă ""întoarce"". ";Nu, nu. ;B
"O monedă e capul sus. Gavin aruncă moneda. Neha nu aruncă moneda. Asha nu aruncă moneda. Baltazar nu aruncă moneda. Moneda e încă în sus? Observaţi că ""turn"" înseamnă ""întoarce"". ";Nu, nu. ;B
"O monedă e capul sus. Camilo aruncă moneda. Becky nu aruncă moneda. Eliza nu aruncă moneda. Rebecca nu aruncă moneda. Moneda e încă în sus? Observaţi că ""turn"" înseamnă ""întoarce"". ";Nu, nu. ;B
"O monedă e capul sus. Isela aruncă moneda. Leslie aruncă moneda. Stacy aruncă moneda. Ingrid nu aruncă moneda. Moneda e încă în sus? Observaţi că ""turn"" înseamnă ""întoarce"". ";Nu, nu. ;B
"O monedă e capul sus. Meg nu aruncă moneda. Andrey nu aruncă moneda. Gerard aruncă moneda. Lilia aruncă moneda. Moneda e încă în sus? Observaţi că ""turn"" înseamnă ""întoarce"". ";Da, domnule. ;A
"O monedă e capul sus. Denny aruncă moneda. Carlo aruncă moneda. Reinaldo aruncă moneda. Jessi aruncă moneda. Moneda e încă în sus? Observaţi că ""turn"" înseamnă ""întoarce"". ";Da, domnule. ;A
"O monedă e capul sus. Cheri nu aruncă moneda. Rico nu aruncă moneda. Teo aruncă moneda. Isus nu aruncă moneda. Moneda e încă în sus? Observaţi că ""turn"" înseamnă ""întoarce"". ";Nu, nu. ;B
"O monedă e capul sus. Alexandria nu aruncă moneda. Meghan nu aruncă moneda. Toamna nu aruncă moneda. Robert nu aruncă moneda. Moneda e încă în sus? Observaţi că ""turn"" înseamnă ""întoarce"". ";Da, domnule. ;A
"O monedă e capul sus. Jr aruncă moneda. Meredith aruncă moneda. Zoe nu aruncă moneda. Robby nu aruncă moneda. Moneda e încă în sus? Observaţi că ""turn"" înseamnă ""întoarce"". ";Da, domnule. ;A
"O monedă e capul sus. Frumoasa aruncă moneda. Jada aruncă moneda. Sarita nu aruncă moneda. Allen aruncă moneda. Moneda e încă în sus? Observaţi că ""turn"" înseamnă ""întoarce"". ";Nu, nu. ;B
"O monedă e capul sus. Shari aruncă moneda. Bella aruncă moneda. Liza nu aruncă moneda. Maira nu aruncă moneda. Moneda e încă în sus? Observaţi că ""turn"" înseamnă ""întoarce"". ";Da, domnule. ;A
"O monedă e capul sus. Lazaro nu aruncă moneda. Ana aruncă moneda. Charlotte aruncă moneda. Precious aruncă moneda. Moneda e încă în sus? Observaţi că ""turn"" înseamnă ""întoarce"". ";Nu, nu. ;B
"O monedă e capul sus. Imelda aruncă moneda. Andi aruncă moneda. Mack nu aruncă moneda. Rigoberto aruncă moneda. Moneda e încă în sus? Observaţi că ""turn"" înseamnă ""întoarce"". ";Nu, nu. ;B
"O monedă e capul sus. Ashish aruncă moneda. Tracey aruncă moneda. Varun nu aruncă moneda. Emil aruncă moneda. Moneda e încă în sus? Observaţi că ""turn"" înseamnă ""întoarce"". ";Nu, nu. ;B
"O monedă e capul sus. Marian nu aruncă moneda. Joanne aruncă moneda. Darrin nu aruncă moneda. Rohit nu aruncă moneda. Moneda e încă în sus? Observaţi că ""turn"" înseamnă ""întoarce"". ";Nu, nu. ;B
"O monedă e capul sus. Julieta aruncă moneda. Zachary aruncă moneda. Jared aruncă moneda. Tyson nu aruncă moneda. Moneda e încă în sus? Observaţi că ""turn"" înseamnă ""întoarce"". ";Nu, nu. ;B
"O monedă e capul sus. Vicente nu aruncă moneda. Dayana nu aruncă moneda. Kasey nu aruncă moneda. Lin nu aruncă moneda. Moneda e încă în sus? Observaţi că ""turn"" înseamnă ""întoarce"". ";Da, domnule. ;A
"O monedă e capul sus. Craig aruncă moneda. Dillon nu aruncă moneda. Troy nu aruncă moneda. Griselda nu aruncă moneda. Moneda e încă în sus? Observaţi că ""turn"" înseamnă ""întoarce"". ";Nu, nu. ;B
"O monedă e capul sus. Rubi nu aruncă moneda. Daisy nu aruncă moneda. Yadira aruncă moneda. Moş Crăciun nu aruncă moneda. Moneda e încă în sus? Observaţi că ""turn"" înseamnă ""întoarce"". ";Nu, nu. ;B
"O monedă e capul sus. Dave nu aruncă moneda. Ernesto nu aruncă moneda. Liam nu aruncă moneda. Marsha nu aruncă moneda. Moneda e încă în sus? Observaţi că ""turn"" înseamnă ""întoarce"". ";Da, domnule. ;A
"O monedă e capul sus. Ira aruncă moneda. Paola aruncă moneda. Jose Antonio nu aruncă moneda. Maria nu aruncă moneda. Moneda e încă în sus? Observaţi că ""turn"" înseamnă ""întoarce"". ";Da, domnule. ;A
"O monedă e capul sus. Manish nu aruncă moneda. Lu aruncă moneda. Karl nu aruncă moneda. Don aruncă moneda. Moneda e încă în sus? Observaţi că ""turn"" înseamnă ""întoarce"". ";Da, domnule. ;A
"O monedă e capul sus. Irving aruncă moneda. Hans aruncă moneda. Moise nu aruncă moneda. Nicole nu aruncă moneda. Moneda e încă în sus? Observaţi că ""turn"" înseamnă ""întoarce"". ";Da, domnule. ;A
"O monedă e capul sus. Micaela nu aruncă moneda. Kevin aruncă moneda. Diamond nu aruncă moneda. Ty nu aruncă moneda. Moneda e încă în sus? Observaţi că ""turn"" înseamnă ""întoarce"". ";Nu, nu. ;B
"O monedă e capul sus. Maura aruncă moneda. Selvin nu aruncă moneda. Tabitha aruncă moneda. Gino aruncă moneda. Moneda e încă în sus? Observaţi că ""turn"" înseamnă ""întoarce"". ";Nu, nu. ;B
"O monedă e capul sus. Rosendo aruncă moneda. Shayla nu aruncă moneda. Erica nu aruncă moneda. Georgia nu aruncă moneda. Moneda e încă în sus? Observaţi că ""turn"" înseamnă ""întoarce"". ";Nu, nu. ;B
"O monedă e capul sus. Lorena nu aruncă moneda. Shana nu aruncă moneda. Priscilla nu aruncă moneda. Summer nu aruncă moneda. Moneda e încă în sus? Observaţi că ""turn"" înseamnă ""întoarce"". ";Da, domnule. ;A
"O monedă e capul sus. Noelle nu aruncă moneda. Byron aruncă moneda. Jane nu aruncă moneda. Darin nu aruncă moneda. Moneda e încă în sus? Observaţi că ""turn"" înseamnă ""întoarce"". ";Nu, nu. ;B
"O monedă e capul sus. Chava aruncă moneda. Rosalia nu aruncă moneda. Kurt nu aruncă moneda. Linda aruncă moneda. Moneda e încă în sus? Observaţi că ""turn"" înseamnă ""întoarce"". ";Da, domnule. ;A
"O monedă e capul sus. Meagan nu aruncă moneda. Naomi nu aruncă moneda. Israelul nu aruncă moneda. Marie aruncă moneda. Moneda e încă în sus? Observaţi că ""turn"" înseamnă ""întoarce"". ";Nu, nu. ;B
"O monedă e capul sus. Michele aruncă moneda. Karan nu aruncă moneda. Avraam nu aruncă moneda. Ellen aruncă moneda. Moneda e încă în sus? Observaţi că ""turn"" înseamnă ""întoarce"". ";Da, domnule. ;A
"O monedă e capul sus. Laila nu aruncă moneda. Audrey nu aruncă moneda. Glenn nu aruncă moneda. Rhonda nu aruncă moneda. Moneda e încă în sus? Observaţi că ""turn"" înseamnă ""întoarce"". ";Da, domnule. ;A
"O monedă e capul sus. Regina nu aruncă moneda. Joel nu aruncă moneda. Justiţia nu aruncă moneda. Eli nu aruncă moneda. Moneda e încă în sus? Observaţi că ""turn"" înseamnă ""întoarce"". ";Da, domnule. ;A
"O monedă e capul sus. Janet nu aruncă moneda. Furnica nu aruncă moneda. Vickie aruncă moneda. Elias aruncă moneda. Moneda e încă în sus? Observaţi că ""turn"" înseamnă ""întoarce"". ";Da, domnule. ;A
"O monedă e capul sus. Russ aruncă moneda. Berta nu aruncă moneda. Mandy nu aruncă moneda. Lydia aruncă moneda. Moneda e încă în sus? Observaţi că ""turn"" înseamnă ""întoarce"". ";Da, domnule. ;A
"O monedă e capul sus. Tristan nu aruncă moneda. Marleny aruncă moneda. Santiago aruncă moneda. Viviana aruncă moneda. Moneda e încă în sus? Observaţi că ""turn"" înseamnă ""întoarce"". ";Nu, nu. ;B
"O monedă e capul sus. Carole aruncă moneda. William aruncă moneda. Tiffany aruncă moneda. Hilary nu aruncă moneda. Moneda e încă în sus? Observaţi că ""turn"" înseamnă ""întoarce"". ";Nu, nu. ;B
"O monedă e capul sus. Amparo aruncă moneda. Gianna nu aruncă moneda. Dion aruncă moneda. Tessa aruncă moneda. Moneda e încă în sus? Observaţi că ""turn"" înseamnă ""întoarce"". ";Nu, nu. ;B
"O monedă e capul sus. Lewis nu aruncă moneda. Azucena nu aruncă moneda. Kai nu aruncă moneda. Ravi nu aruncă moneda. Moneda e încă în sus? Observaţi că ""turn"" înseamnă ""întoarce"". ";Da, domnule. ;A
"O monedă e capul sus. Issa aruncă moneda. Kendra aruncă moneda. Ignacio aruncă moneda. Henry aruncă moneda. Moneda e încă în sus? Observaţi că ""turn"" înseamnă ""întoarce"". ";Da, domnule. ;A
"O monedă e capul sus. Faustino aruncă moneda. Lamar aruncă moneda. Fransisco aruncă moneda. Rina aruncă moneda. Moneda e încă în sus? Observaţi că ""turn"" înseamnă ""întoarce"". ";Da, domnule. ;A
"O monedă e capul sus. Angelique aruncă moneda. Marissa aruncă moneda. Phyllis aruncă moneda. Bonnie aruncă moneda. Moneda e încă în sus? Observaţi că ""turn"" înseamnă ""întoarce"". ";Da, domnule. ;A
"O monedă e capul sus. Loren nu aruncă moneda. Wes aruncă moneda. Dean nu aruncă moneda. Hayley aruncă moneda. Moneda e încă în sus? Observaţi că ""turn"" înseamnă ""întoarce"". ";Da, domnule. ;A
"O monedă e capul sus. Maxwell nu aruncă moneda. Jose aruncă moneda. Beto nu aruncă moneda. Joe nu aruncă moneda. Moneda e încă în sus? Observaţi că ""turn"" înseamnă ""întoarce"". ";Nu, nu. ;B
"O monedă e capul sus. Liz nu aruncă moneda. Andrea aruncă moneda. Suresh nu aruncă moneda. Vera nu aruncă moneda. Moneda e încă în sus? Observaţi că ""turn"" înseamnă ""întoarce"". ";Nu, nu. ;B
"O monedă e capul sus. Chantal nu aruncă moneda. Ines nu aruncă moneda. Valeria aruncă moneda. Francesca nu aruncă moneda. Moneda e încă în sus? Observaţi că ""turn"" înseamnă ""întoarce"". ";Nu, nu. ;B
"O monedă e capul sus. Ron aruncă moneda. Carl aruncă moneda. Joann nu aruncă moneda. Young aruncă moneda. Moneda e încă în sus? Observaţi că ""turn"" înseamnă ""întoarce"". ";Nu, nu. ;B
"O monedă e capul sus. Sally aruncă moneda. Sadie aruncă moneda. Christie nu aruncă moneda. Ellie aruncă moneda. Moneda e încă în sus? Observaţi că ""turn"" înseamnă ""întoarce"". ";Nu, nu. ;B
"O monedă e capul sus. Tomas nu aruncă moneda. Nic aruncă moneda. Zoila aruncă moneda. Calvin nu aruncă moneda. Moneda e încă în sus? Observaţi că ""turn"" înseamnă ""întoarce"". ";Da, domnule. ;A
"O monedă e capul sus. Gabe nu aruncă moneda. Dora aruncă moneda. Aileen nu aruncă moneda. Modesto nu aruncă moneda. Moneda e încă în sus? Observaţi că ""turn"" înseamnă ""întoarce"". ";Nu, nu. ;B
"O monedă e capul sus. Victoria aruncă moneda. Aurora nu aruncă moneda. Amalia nu aruncă moneda. Prinţesa nu aruncă moneda. Moneda e încă în sus? Observaţi că ""turn"" înseamnă ""întoarce"". ";Nu, nu. ;B
"O monedă e capul sus. Alec aruncă moneda. Arianna aruncă moneda. Corina aruncă moneda. Juancarlos aruncă moneda. Moneda e încă în sus? Observaţi că ""turn"" înseamnă ""întoarce"". ";Da, domnule. ;A
"O monedă e capul sus. Carolyn aruncă moneda. Sasha nu aruncă moneda. Milostivirea nu aruncă moneda. Keri aruncă moneda. Moneda e încă în sus? Observaţi că ""turn"" înseamnă ""întoarce"". ";Da, domnule. ;A
"O monedă e capul sus. Selena nu aruncă moneda. Keisha aruncă moneda. Gladys nu aruncă moneda. Cedric nu aruncă moneda. Moneda e încă în sus? Observaţi că ""turn"" înseamnă ""întoarce"". ";Nu, nu. ;B
"O monedă e capul sus. Salma nu aruncă moneda. Pj aruncă moneda. Gladis aruncă moneda. Monica aruncă moneda. Moneda e încă în sus? Observaţi că ""turn"" înseamnă ""întoarce"". ";Nu, nu. ;B
"O monedă e capul sus. Ralph nu aruncă moneda. Jeanne aruncă moneda. Kyle nu aruncă moneda. Alejandro nu aruncă moneda. Moneda e încă în sus? Observaţi că ""turn"" înseamnă ""întoarce"". ";Nu, nu. ;B
"O monedă e capul sus. Letty aruncă moneda. Aimee nu aruncă moneda. Elvia nu aruncă moneda. Ted nu aruncă moneda. Moneda e încă în sus? Observaţi că ""turn"" înseamnă ""întoarce"". ";Nu, nu. ;B
"O monedă e capul sus. April nu aruncă moneda. Molly nu aruncă moneda. Maurice aruncă moneda. Jaclyn aruncă moneda. Moneda e încă în sus? Observaţi că ""turn"" înseamnă ""întoarce"". ";Da, domnule. ;A
"O monedă e capul sus. Markus nu aruncă moneda. Kathryn nu aruncă moneda. Giovanna nu aruncă moneda. Kent nu aruncă moneda. Moneda e încă în sus? Observaţi că ""turn"" înseamnă ""întoarce"". ";Da, domnule. ;A
"O monedă e capul sus. Desmond aruncă moneda. Camille aruncă moneda. Joana aruncă moneda. Garcia aruncă moneda. Moneda e încă în sus? Observaţi că ""turn"" înseamnă ""întoarce"". ";Da, domnule. ;A
"O monedă e capul sus. Quinton nu aruncă moneda. Sam aruncă moneda. Soledad nu aruncă moneda. Becca aruncă moneda. Moneda e încă în sus? Observaţi că ""turn"" înseamnă ""întoarce"". ";Da, domnule. ;A
"O monedă e capul sus. Matilde nu aruncă moneda. Jan aruncă moneda. Marcel nu aruncă moneda. Mimi nu aruncă moneda. Moneda e încă în sus? Observaţi că ""turn"" înseamnă ""întoarce"". ";Nu, nu. ;B
"O monedă e capul sus. Manolo nu aruncă moneda. Bobbie nu aruncă moneda. Ash nu aruncă moneda. Jaqueline nu aruncă moneda. Moneda e încă în sus? Observaţi că ""turn"" înseamnă ""întoarce"". ";Da, domnule. ;A
"O monedă e capul sus. Jorge Luis nu aruncă moneda. Mo aruncă moneda. Alexia aruncă moneda. Jerry nu aruncă moneda. Moneda e încă în sus? Observaţi că ""turn"" înseamnă ""întoarce"". ";Da, domnule. ;A
"O monedă e capul sus. Kali nu aruncă moneda. Jeanette aruncă moneda. Tess nu aruncă moneda. Devin nu aruncă moneda. Moneda e încă în sus? Observaţi că ""turn"" înseamnă ""întoarce"". ";Nu, nu. ;B
"O monedă e capul sus. Nabil nu aruncă moneda. Marlene nu aruncă moneda. Wendy aruncă moneda. Jillian nu aruncă moneda. Moneda e încă în sus? Observaţi că ""turn"" înseamnă ""întoarce"". ";Nu, nu. ;B
"O monedă e capul sus. Caritatea aruncă moneda. Svetlana nu aruncă moneda. Jamie nu aruncă moneda. Jose A nu aruncă moneda. Moneda e încă în sus? Observaţi că ""turn"" înseamnă ""întoarce"". ";Nu, nu. ;B
"O monedă e capul sus. Dalila aruncă moneda. Emily aruncă moneda. Casey nu aruncă moneda. Clifford nu aruncă moneda. Moneda e încă în sus? Observaţi că ""turn"" înseamnă ""întoarce"". ";Da, domnule. ;A
"O monedă e capul sus. Blake aruncă moneda. Hunter aruncă moneda. Lou aruncă moneda. Spencer nu aruncă moneda. Moneda e încă în sus? Observaţi că ""turn"" înseamnă ""întoarce"". ";Nu, nu. ;B
"O monedă e capul sus. Donny aruncă moneda. Lucero nu aruncă moneda. Christopher aruncă moneda. Gregory aruncă moneda. Moneda e încă în sus? Observaţi că ""turn"" înseamnă ""întoarce"". ";Nu, nu. ;B
"O monedă e capul sus. Hayden aruncă moneda. Maya nu aruncă moneda. Zack aruncă moneda. Roberto aruncă moneda. Moneda e încă în sus? Observaţi că ""turn"" înseamnă ""întoarce"". ";Nu, nu. ;B
"O monedă e capul sus. Jesús aruncă moneda. Vidal nu aruncă moneda. Maxine aruncă moneda. Gloria nu aruncă moneda. Moneda e încă în sus? Observaţi că ""turn"" înseamnă ""întoarce"". ";Da, domnule. ;A
"O monedă e capul sus. Madeline aruncă moneda. Mckenzie nu aruncă moneda. Louie nu aruncă moneda. Dylan aruncă moneda. Moneda e încă în sus? Observaţi că ""turn"" înseamnă ""întoarce"". ";Da, domnule. ;A
"O monedă e capul sus. Anastasia nu aruncă moneda. Thelma aruncă moneda. Sheri aruncă moneda. Rosita aruncă moneda. Moneda e încă în sus? Observaţi că ""turn"" înseamnă ""întoarce"". ";Nu, nu. ;B
"O monedă e capul sus. Guillermina aruncă moneda. Evelin aruncă moneda. Dominique aruncă moneda. Johnny nu aruncă moneda. Moneda e încă în sus? Observaţi că ""turn"" înseamnă ""întoarce"". ";Nu, nu. ;B
"O monedă e capul sus. Sid aruncă moneda. Isabelle nu aruncă moneda. Jackson aruncă moneda. Heidy nu aruncă moneda. Moneda e încă în sus? Observaţi că ""turn"" înseamnă ""întoarce"". ";Da, domnule. ;A
"O monedă e capul sus. Margaret nu aruncă moneda. Rosi aruncă moneda. Willy aruncă moneda. Charlene nu aruncă moneda. Moneda e încă în sus? Observaţi că ""turn"" înseamnă ""întoarce"". ";Da, domnule. ;A
"O monedă e capul sus. Carla aruncă moneda. Dolores aruncă moneda. Cooper aruncă moneda. Damion aruncă moneda. Moneda e încă în sus? Observaţi că ""turn"" înseamnă ""întoarce"". ";Da, domnule. ;A
"O monedă e capul sus. Davis aruncă moneda. Jules nu aruncă moneda. Fabiola aruncă moneda. Cherie nu aruncă moneda. Moneda e încă în sus? Observaţi că ""turn"" înseamnă ""întoarce"". ";Da, domnule. ;A
"O monedă e capul sus. Raven aruncă moneda. Marisela nu aruncă moneda. Ross aruncă moneda. Angie aruncă moneda. Moneda e încă în sus? Observaţi că ""turn"" înseamnă ""întoarce"". ";Nu, nu. ;B
"O monedă e capul sus. Jeff nu aruncă moneda. Jen aruncă moneda. Giselle aruncă moneda. Noel nu aruncă moneda. Moneda e încă în sus? Observaţi că ""turn"" înseamnă ""întoarce"". ";Da, domnule. ;A
"O monedă e capul sus. Kristi aruncă moneda. Eduardo nu aruncă moneda. Angelo nu aruncă moneda. Clare nu aruncă moneda. Moneda e încă în sus? Observaţi că ""turn"" înseamnă ""întoarce"". ";Nu, nu. ;B
"O monedă e capul sus. Alina nu aruncă moneda. Alessandra nu aruncă moneda. Amina nu aruncă moneda. Bianca aruncă moneda. Moneda e încă în sus? Observaţi că ""turn"" înseamnă ""întoarce"". ";Nu, nu. ;B
"O monedă e capul sus. Zach aruncă moneda. Trenton aruncă moneda. Cary nu aruncă moneda. Beth aruncă moneda. Moneda e încă în sus? Observaţi că ""turn"" înseamnă ""întoarce"". ";Nu, nu. ;B
"O monedă e capul sus. Altagracia aruncă moneda. Howard nu aruncă moneda. Patti aruncă moneda. Douglas aruncă moneda. Moneda e încă în sus? Observaţi că ""turn"" înseamnă ""întoarce"". ";Nu, nu. ;B
"O monedă e capul sus. Jordan nu aruncă moneda. Yoni aruncă moneda. Lawrence nu aruncă moneda. Aura aruncă moneda. Moneda e încă în sus? Observaţi că ""turn"" înseamnă ""întoarce"". ";Da, domnule. ;A
"O monedă e capul sus. Leticia aruncă moneda. Jacinto aruncă moneda. Natasha nu aruncă moneda. Raphael aruncă moneda. Moneda e încă în sus? Observaţi că ""turn"" înseamnă ""întoarce"". ";Nu, nu. ;B
"O monedă e capul sus. Mickey nu aruncă moneda. Dom aruncă moneda. Lilly aruncă moneda. Eloy nu aruncă moneda. Moneda e încă în sus? Observaţi că ""turn"" înseamnă ""întoarce"". ";Da, domnule. ;A
"O monedă e capul sus. Timmy nu aruncă moneda. Katherine nu aruncă moneda. Gabriel aruncă moneda. Nate nu aruncă moneda. Moneda e încă în sus? Observaţi că ""turn"" înseamnă ""întoarce"". ";Nu, nu. ;B
"O monedă e capul sus. Raymundo aruncă moneda. Jonathan aruncă moneda. Lexi nu aruncă moneda. Rony aruncă moneda. Moneda e încă în sus? Observaţi că ""turn"" înseamnă ""întoarce"". ";Nu, nu. ;B
"O monedă e capul sus. Amy aruncă moneda. Ella nu aruncă moneda. Amilcar nu aruncă moneda. Roman nu aruncă moneda. Moneda e încă în sus? Observaţi că ""turn"" înseamnă ""întoarce"". ";Nu, nu. ;B
"O monedă e capul sus. Bailey aruncă moneda. Lourdes nu aruncă moneda. Brianna nu aruncă moneda. Martín aruncă moneda. Moneda e încă în sus? Observaţi că ""turn"" înseamnă ""întoarce"". ";Da, domnule. ;A
"O monedă e capul sus. Daniella aruncă moneda. Dianne nu aruncă moneda. Ram aruncă moneda. Mirian aruncă moneda. Moneda e încă în sus? Observaţi că ""turn"" înseamnă ""întoarce"". ";Nu, nu. ;B
"O monedă e capul sus. Rosie nu aruncă moneda. Charlie nu aruncă moneda. Mick aruncă moneda. Jacquelyn nu aruncă moneda. Moneda e încă în sus? Observaţi că ""turn"" înseamnă ""întoarce"". ";Nu, nu. ;B
"O monedă e capul sus. Ericka nu aruncă moneda. Aly aruncă moneda. Darius nu aruncă moneda. Reed aruncă moneda. Moneda e încă în sus? Observaţi că ""turn"" înseamnă ""întoarce"". ";Da, domnule. ;A
"O monedă e capul sus. Glenda aruncă moneda. Beverly aruncă moneda. Agustin aruncă moneda. Igor nu aruncă moneda. Moneda e încă în sus? Observaţi că ""turn"" înseamnă ""întoarce"". ";Nu, nu. ;B
"O monedă e capul sus. Dino aruncă moneda. Toby nu aruncă moneda. Abigail aruncă moneda. Manuela nu aruncă moneda. Moneda e încă în sus? Observaţi că ""turn"" înseamnă ""întoarce"". ";Da, domnule. ;A
"O monedă e capul sus. Shannon nu aruncă moneda. Millie aruncă moneda. Rosemary nu aruncă moneda. Priyanka aruncă moneda. Moneda e încă în sus? Observaţi că ""turn"" înseamnă ""întoarce"". ";Da, domnule. ;A
"O monedă e capul sus. Cristian aruncă moneda. Nik nu aruncă moneda. Gwen aruncă moneda. Josiah aruncă moneda. Moneda e încă în sus? Observaţi că ""turn"" înseamnă ""întoarce"". ";Nu, nu. ;B
"O monedă e capul sus. Garry aruncă moneda. Arielle aruncă moneda. Elba nu aruncă moneda. Rodney nu aruncă moneda. Moneda e încă în sus? Observaţi că ""turn"" înseamnă ""întoarce"". ";Da, domnule. ;A
"O monedă e capul sus. Clarissa nu aruncă moneda. Shauna nu aruncă moneda. Alexis nu aruncă moneda. Branden aruncă moneda. Moneda e încă în sus? Observaţi că ""turn"" înseamnă ""întoarce"". ";Nu, nu. ;B
"O monedă e capul sus. Barb nu aruncă moneda. Gage aruncă moneda. Kristian aruncă moneda. Asia nu aruncă moneda. Moneda e încă în sus? Observaţi că ""turn"" înseamnă ""întoarce"". ";Da, domnule. ;A
"O monedă e capul sus. Emilia aruncă moneda. Jonas aruncă moneda. Christi nu aruncă moneda. Sophia nu aruncă moneda. Moneda e încă în sus? Observaţi că ""turn"" înseamnă ""întoarce"". ";Da, domnule. ;A
"O monedă e capul sus. Sonia aruncă moneda. Griffin aruncă moneda. Claude aruncă moneda. Josephine aruncă moneda. Moneda e încă în sus? Observaţi că ""turn"" înseamnă ""întoarce"". ";Da, domnule. ;A
"O monedă e capul sus. Arthur aruncă moneda. Shan nu aruncă moneda. Norman aruncă moneda. Manny nu aruncă moneda. Moneda e încă în sus? Observaţi că ""turn"" înseamnă ""întoarce"". ";Da, domnule. ;A
"O monedă e capul sus. Abdi nu aruncă moneda. Clyde nu aruncă moneda. Ana Maria nu aruncă moneda. Pepe nu aruncă moneda. Moneda e încă în sus? Observaţi că ""turn"" înseamnă ""întoarce"". ";Da, domnule. ;A
"O monedă e capul sus. Scotty aruncă moneda. Edgar aruncă moneda. Hanna aruncă moneda. Austin aruncă moneda. Moneda e încă în sus? Observaţi că ""turn"" înseamnă ""întoarce"". ";Da, domnule. ;A
"O monedă e capul sus. Denis nu aruncă moneda. Gigi aruncă moneda. Heather nu aruncă moneda. Ginger aruncă moneda. Moneda e încă în sus? Observaţi că ""turn"" înseamnă ""întoarce"". ";Da, domnule. ;A
"O monedă e capul sus. Steph aruncă moneda. Pablo aruncă moneda. Ceci aruncă moneda. Francine aruncă moneda. Moneda e încă în sus? Observaţi că ""turn"" înseamnă ""întoarce"". ";Da, domnule. ;A
"O monedă e capul sus. Orlando nu aruncă moneda. Colby nu aruncă moneda. Julius aruncă moneda. Ofelia aruncă moneda. Moneda e încă în sus? Observaţi că ""turn"" înseamnă ""întoarce"". ";Da, domnule. ;A
"O monedă e capul sus. Rogelio aruncă moneda. Freddy nu aruncă moneda. Ivan aruncă moneda. Madeleine nu aruncă moneda. Moneda e încă în sus? Observaţi că ""turn"" înseamnă ""întoarce"". ";Da, domnule. ;A
"O monedă e capul sus. Marshall aruncă moneda. Herman nu aruncă moneda. Faye nu aruncă moneda. Grant nu aruncă moneda. Moneda e încă în sus? Observaţi că ""turn"" înseamnă ""întoarce"". ";Nu, nu. ;B
"O monedă e capul sus. Bernard nu aruncă moneda. Lidia aruncă moneda. Sebastian nu aruncă moneda. Judy nu aruncă moneda. Moneda e încă în sus? Observaţi că ""turn"" înseamnă ""întoarce"". ";Nu, nu. ;B
"O monedă e capul sus. Kyra nu aruncă moneda. Luciano aruncă moneda. Ciara nu aruncă moneda. Bryan aruncă moneda. Moneda e încă în sus? Observaţi că ""turn"" înseamnă ""întoarce"". ";Da, domnule. ;A
"O monedă e capul sus. Myriam nu aruncă moneda. José aruncă moneda. Cecy aruncă moneda. Faisal aruncă moneda. Moneda e încă în sus? Observaţi că ""turn"" înseamnă ""întoarce"". ";Nu, nu. ;B
"O monedă e capul sus. Memo aruncă moneda. Joey nu aruncă moneda. Phil aruncă moneda. Samuel aruncă moneda. Moneda e încă în sus? Observaţi că ""turn"" înseamnă ""întoarce"". ";Nu, nu. ;B
"O monedă e capul sus. Angel aruncă moneda. Sheryl aruncă moneda. Dulce aruncă moneda. Kenny aruncă moneda. Moneda e încă în sus? Observaţi că ""turn"" înseamnă ""întoarce"". ";Da, domnule. ;A
"O monedă e capul sus. Selina aruncă moneda. Tasha aruncă moneda. Jarrod nu aruncă moneda. Maddy nu aruncă moneda. Moneda e încă în sus? Observaţi că ""turn"" înseamnă ""întoarce"". ";Da, domnule. ;A
"O monedă e capul sus. Talia aruncă moneda. Nicki nu aruncă moneda. Tia aruncă moneda. Divya nu aruncă moneda. Moneda e încă în sus? Observaţi că ""turn"" înseamnă ""întoarce"". ";Da, domnule. ;A
"O monedă e capul sus. Franklin aruncă moneda. Rochelle nu aruncă moneda. Brent nu aruncă moneda. Sarai aruncă moneda. Moneda e încă în sus? Observaţi că ""turn"" înseamnă ""întoarce"". ";Da, domnule. ;A
"O monedă e capul sus. Clinton aruncă moneda. Yanira aruncă moneda. Barbara aruncă moneda. Betsy aruncă moneda. Moneda e încă în sus? Observaţi că ""turn"" înseamnă ""întoarce"". ";Da, domnule. ;A
"O monedă e capul sus. Ronnie aruncă moneda. Kiki aruncă moneda. Alan aruncă moneda. Remy aruncă moneda. Moneda e încă în sus? Observaţi că ""turn"" înseamnă ""întoarce"". ";Da, domnule. ;A
"O monedă e capul sus. Erwin nu aruncă moneda. Chad nu aruncă moneda. Margarito nu aruncă moneda. Shanna nu aruncă moneda. Moneda e încă în sus? Observaţi că ""turn"" înseamnă ""întoarce"". ";Da, domnule. ;A
"O monedă e capul sus. Connie nu aruncă moneda. Elena nu aruncă moneda. Tami aruncă moneda. Stuart nu aruncă moneda. Moneda e încă în sus? Observaţi că ""turn"" înseamnă ""întoarce"". ";Nu, nu. ;B
"O monedă e capul sus. Blaine aruncă moneda. Syed aruncă moneda. Priya nu aruncă moneda. Ruby aruncă moneda. Moneda e încă în sus? Observaţi că ""turn"" înseamnă ""întoarce"". ";Nu, nu. ;B
"O monedă e capul sus. Fernanda aruncă moneda. Magda aruncă moneda. Elmer aruncă moneda. Alvaro nu aruncă moneda. Moneda e încă în sus? Observaţi că ""turn"" înseamnă ""întoarce"". ";Nu, nu. ;B
"O monedă e capul sus. Anand aruncă moneda. Estefania nu aruncă moneda. Stanley aruncă moneda. Lizette aruncă moneda. Moneda e încă în sus? Observaţi că ""turn"" înseamnă ""întoarce"". ";Nu, nu. ;B
"O monedă e capul sus. Sunil aruncă moneda. Tiana nu aruncă moneda. Darla nu aruncă moneda. Darnell aruncă moneda. Moneda e încă în sus? Observaţi că ""turn"" înseamnă ""întoarce"". ";Da, domnule. ;A
"O monedă e capul sus. Eugenio aruncă moneda. Moises nu aruncă moneda. Marion nu aruncă moneda. Kirk nu aruncă moneda. Moneda e încă în sus? Observaţi că ""turn"" înseamnă ""întoarce"". ";Nu, nu. ;B
"O monedă e capul sus. Marty aruncă moneda. Justine aruncă moneda. Edgardo nu aruncă moneda. Osman aruncă moneda. Moneda e încă în sus? Observaţi că ""turn"" înseamnă ""întoarce"". ";Nu, nu. ;B
"O monedă e capul sus. Tucker nu aruncă moneda. Daniel aruncă moneda. Hernandez nu aruncă moneda. Alison aruncă moneda. Moneda e încă în sus? Observaţi că ""turn"" înseamnă ""întoarce"". ";Da, domnule. ;A
"O monedă e capul sus. Sherri nu aruncă moneda. Genesis aruncă moneda. Jeffrey nu aruncă moneda. Samir nu aruncă moneda. Moneda e încă în sus? Observaţi că ""turn"" înseamnă ""întoarce"". ";Nu, nu. ;B
"O monedă e capul sus. Pisica nu aruncă moneda. Alisha aruncă moneda. Ramon nu aruncă moneda. Norberto aruncă moneda. Moneda e încă în sus? Observaţi că ""turn"" înseamnă ""întoarce"". ";Da, domnule. ;A
"O monedă e capul sus. Hilario aruncă moneda. Magdalena aruncă moneda. Morris aruncă moneda. Patricio nu aruncă moneda. Moneda e încă în sus? Observaţi că ""turn"" înseamnă ""întoarce"". ";Nu, nu. ;B
"O monedă e capul sus. Fausto nu aruncă moneda. Tito nu aruncă moneda. Jade nu aruncă moneda. Terrance nu aruncă moneda. Moneda e încă în sus? Observaţi că ""turn"" înseamnă ""întoarce"". ";Da, domnule. ;A
"O monedă e capul sus. Gayle nu aruncă moneda. Doreen nu aruncă moneda. Chelsey aruncă moneda. Helena nu aruncă moneda. Moneda e încă în sus? Observaţi că ""turn"" înseamnă ""întoarce"". ";Nu, nu. ;B
"O monedă e capul sus. Lucio aruncă moneda. Víctor nu aruncă moneda. Lester aruncă moneda. Allie aruncă moneda. Moneda e încă în sus? Observaţi că ""turn"" înseamnă ""întoarce"". ";Nu, nu. ;B
"O monedă e capul sus. Donnie nu aruncă moneda. Alli nu aruncă moneda. Terry aruncă moneda. Krystal nu aruncă moneda. Moneda e încă în sus? Observaţi că ""turn"" înseamnă ""întoarce"". ";Nu, nu. ;B
"O monedă e capul sus. Carlos nu aruncă moneda. Jackie nu aruncă moneda. Callie aruncă moneda. Caitlin aruncă moneda. Moneda e încă în sus? Observaţi că ""turn"" înseamnă ""întoarce"". ";Da, domnule. ;A
"O monedă e capul sus. Debi nu aruncă moneda. Raymond nu aruncă moneda. Luis nu aruncă moneda. Federico aruncă moneda. Moneda e încă în sus? Observaţi că ""turn"" înseamnă ""întoarce"". ";Nu, nu. ;B
"O monedă e capul sus. Kelvin nu aruncă moneda. Brennan nu aruncă moneda. Carina aruncă moneda. Paty nu aruncă moneda. Moneda e încă în sus? Observaţi că ""turn"" înseamnă ""întoarce"". ";Nu, nu. ;B
"O monedă e capul sus. Janice aruncă moneda. Shelly aruncă moneda. Arnulfo nu aruncă moneda. Nestor aruncă moneda. Moneda e încă în sus? Observaţi că ""turn"" înseamnă ""întoarce"". ";Nu, nu. ;B
"O monedă e capul sus. Bob aruncă moneda. Aman nu aruncă moneda. Richie aruncă moneda. Sana nu aruncă moneda. Moneda e încă în sus? Observaţi că ""turn"" înseamnă ""întoarce"". ";Da, domnule. ;A
"O monedă e capul sus. Juan Jose nu aruncă moneda. Dalia nu aruncă moneda. Destinul nu aruncă moneda. Amelia aruncă moneda. Moneda e încă în sus? Observaţi că ""turn"" înseamnă ""întoarce"". ";Nu, nu. ;B
"O monedă e capul sus. Jose Luis nu aruncă moneda. Kiara aruncă moneda. Arun nu aruncă moneda. Josefina nu aruncă moneda. Moneda e încă în sus? Observaţi că ""turn"" înseamnă ""întoarce"". ";Nu, nu. ;B
"O monedă e capul sus. Guillermo nu aruncă moneda. Gerry nu aruncă moneda. Lizbeth aruncă moneda. Charly aruncă moneda. Moneda e încă în sus? Observaţi că ""turn"" înseamnă ""întoarce"". ";Da, domnule. ;A
"O monedă e capul sus. Reginald nu aruncă moneda. Franky aruncă moneda. Kira aruncă moneda. Gordon aruncă moneda. Moneda e încă în sus? Observaţi că ""turn"" înseamnă ""întoarce"". ";Nu, nu. ;B
"O monedă e capul sus. Bret nu aruncă moneda. Lois aruncă moneda. Ismael aruncă moneda. Mirna aruncă moneda. Moneda e încă în sus? Observaţi că ""turn"" înseamnă ""întoarce"". ";Nu, nu. ;B
"O monedă e capul sus. Peggy aruncă moneda. Trent aruncă moneda. Darrell aruncă moneda. Pamela aruncă moneda. Moneda e încă în sus? Observaţi că ""turn"" înseamnă ""întoarce"". ";Da, domnule. ;A
"O monedă e capul sus. Sophie nu aruncă moneda. Gregorio nu aruncă moneda. Avery nu aruncă moneda. Pooja nu aruncă moneda. Moneda e încă în sus? Observaţi că ""turn"" înseamnă ""întoarce"". ";Da, domnule. ;A
"O monedă e capul sus. Yvonne nu aruncă moneda. Rafaela nu aruncă moneda. JB nu aruncă moneda. Salomon nu aruncă moneda. Moneda e încă în sus? Observaţi că ""turn"" înseamnă ""întoarce"". ";Da, domnule. ;A
"O monedă e capul sus. Gabi aruncă moneda. Dante aruncă moneda. Rafa aruncă moneda. Tricia nu aruncă moneda. Moneda e încă în sus? Observaţi că ""turn"" înseamnă ""întoarce"". ";Nu, nu. ;B
"O monedă e capul sus. Martin nu aruncă moneda. Sage nu aruncă moneda. Tanisha nu aruncă moneda. Rick nu aruncă moneda. Moneda e încă în sus? Observaţi că ""turn"" înseamnă ""întoarce"". ";Da, domnule. ;A
"O monedă e capul sus. Suzanne aruncă moneda. Julissa aruncă moneda. Chino aruncă moneda. America nu aruncă moneda. Moneda e încă în sus? Observaţi că ""turn"" înseamnă ""întoarce"". ";Nu, nu. ;B
"O monedă e capul sus. Mel nu aruncă moneda. Josh aruncă moneda. Alejandra aruncă moneda. Harley aruncă moneda. Moneda e încă în sus? Observaţi că ""turn"" înseamnă ""întoarce"". ";Nu, nu. ;B
"O monedă e capul sus. Candy nu aruncă moneda. Megan aruncă moneda. Ed nu aruncă moneda. Nathan aruncă moneda. Moneda e încă în sus? Observaţi că ""turn"" înseamnă ""întoarce"". ";Da, domnule. ;A
"O monedă e capul sus. Diego nu aruncă moneda. Val aruncă moneda. Vincent nu aruncă moneda. Stacie nu aruncă moneda. Moneda e încă în sus? Observaţi că ""turn"" înseamnă ""întoarce"". ";Nu, nu. ;B
"O monedă e capul sus. Salvatore nu aruncă moneda. Gustavo aruncă moneda. Jill nu aruncă moneda. Celeste nu aruncă moneda. Moneda e încă în sus? Observaţi că ""turn"" înseamnă ""întoarce"". ";Nu, nu. ;B
"O monedă e capul sus. Marcy aruncă moneda. Gonzalez nu aruncă moneda. Alice nu aruncă moneda. Arlene aruncă moneda. Moneda e încă în sus? Observaţi că ""turn"" înseamnă ""întoarce"". ";Da, domnule. ;A
"O monedă e capul sus. Dana nu aruncă moneda. German aruncă moneda. Alvin nu aruncă moneda. Braden aruncă moneda. Moneda e încă în sus? Observaţi că ""turn"" înseamnă ""întoarce"". ";Da, domnule. ;A
"O monedă e capul sus. Paula nu aruncă moneda. Irina aruncă moneda. Laurel nu aruncă moneda. Maribel aruncă moneda. Moneda e încă în sus? Observaţi că ""turn"" înseamnă ""întoarce"". ";Da, domnule. ;A
"O monedă e capul sus. Andrés nu aruncă moneda. Miles nu aruncă moneda. Ronaldo aruncă moneda. Melinda aruncă moneda. Moneda e încă în sus? Observaţi că ""turn"" înseamnă ""întoarce"". ";Da, domnule. ;A
"O monedă e capul sus. Williams nu aruncă moneda. Reza aruncă moneda. Ashton aruncă moneda. Lillian aruncă moneda. Moneda e încă în sus? Observaţi că ""turn"" înseamnă ""întoarce"". ";Nu, nu. ;B
"O monedă e capul sus. Lacey aruncă moneda. Nora nu aruncă moneda. Debra nu aruncă moneda. Ashleigh nu aruncă moneda. Moneda e încă în sus? Observaţi că ""turn"" înseamnă ""întoarce"". ";Nu, nu. ;B
"O monedă e capul sus. Itzel aruncă moneda. Anderson nu aruncă moneda. Kenya nu aruncă moneda. Edy aruncă moneda. Moneda e încă în sus? Observaţi că ""turn"" înseamnă ""întoarce"". ";Da, domnule. ;A
"O monedă e capul sus. Forrest nu aruncă moneda. Juanito nu aruncă moneda. Allan nu aruncă moneda. Candice nu aruncă moneda. Moneda e încă în sus? Observaţi că ""turn"" înseamnă ""întoarce"". ";Da, domnule. ;A
"O monedă e capul sus. Nico nu aruncă moneda. Lorenzo aruncă moneda. Johanna nu aruncă moneda. Teresita nu aruncă moneda. Moneda e încă în sus? Observaţi că ""turn"" înseamnă ""întoarce"". ";Nu, nu. ;B
"O monedă e capul sus. Paulo aruncă moneda. Tatyana aruncă moneda. Bernice nu aruncă moneda. Raúl aruncă moneda. Moneda e încă în sus? Observaţi că ""turn"" înseamnă ""întoarce"". ";Nu, nu. ;B
"O monedă e capul sus. Lionel aruncă moneda. Fiona aruncă moneda. Bobby nu aruncă moneda. Janeth nu aruncă moneda. Moneda e încă în sus? Observaţi că ""turn"" înseamnă ""întoarce"". ";Da, domnule. ;A
"O monedă e capul sus. Dany aruncă moneda. Hilda aruncă moneda. Butch aruncă moneda. Mahesh nu aruncă moneda. Moneda e încă în sus? Observaţi că ""turn"" înseamnă ""întoarce"". ";Nu, nu. ;B
"O monedă e capul sus. Deon aruncă moneda. Lane aruncă moneda. Everett aruncă moneda. Lindsay aruncă moneda. Moneda e încă în sus? Observaţi că ""turn"" înseamnă ""întoarce"". ";Da, domnule. ;A
"O monedă e capul sus. Ubaldo nu aruncă moneda. Katrina aruncă moneda. Francis nu aruncă moneda. Lynn aruncă moneda. Moneda e încă în sus? Observaţi că ""turn"" înseamnă ""întoarce"". ";Da, domnule. ;A
"O monedă e capul sus. Lesley aruncă moneda. Luna aruncă moneda. Nadia nu aruncă moneda. Adriana aruncă moneda. Moneda e încă în sus? Observaţi că ""turn"" înseamnă ""întoarce"". ";Nu, nu. ;B
"O monedă e capul sus. Maureen aruncă moneda. Fabian aruncă moneda. Claudette aruncă moneda. Peyton aruncă moneda. Moneda e încă în sus? Observaţi că ""turn"" înseamnă ""întoarce"". ";Da, domnule. ;A
"O monedă e capul sus. Gabby nu aruncă moneda. Reese aruncă moneda. Leah nu aruncă moneda. Celia nu aruncă moneda. Moneda e încă în sus? Observaţi că ""turn"" înseamnă ""întoarce"". ";Nu, nu. ;B
"O monedă e capul sus. Ramona nu aruncă moneda. Lucy aruncă moneda. Gail nu aruncă moneda. Octavio aruncă moneda. Moneda e încă în sus? Observaţi că ""turn"" înseamnă ""întoarce"". ";Da, domnule. ;A
"O monedă e capul sus. Sue aruncă moneda. Cassandra aruncă moneda. Cody aruncă moneda. Cali nu aruncă moneda. Moneda e încă în sus? Observaţi că ""turn"" înseamnă ""întoarce"". ";Nu, nu. ;B
"O monedă e capul sus. Efrain nu aruncă moneda. Rickey nu aruncă moneda. Jonathan aruncă moneda. Kelli nu aruncă moneda. Moneda e încă în sus? Observaţi că ""turn"" înseamnă ""întoarce"". ";Nu, nu. ;B
"O monedă e capul sus. Efren aruncă moneda. Rex aruncă moneda. Marilyn aruncă moneda. Emerson aruncă moneda. Moneda e încă în sus? Observaţi că ""turn"" înseamnă ""întoarce"". ";Da, domnule. ;A
"O monedă e capul sus. Bobbi nu aruncă moneda. Tamika nu aruncă moneda. Zac nu aruncă moneda. Lala aruncă moneda. Moneda e încă în sus? Observaţi că ""turn"" înseamnă ""întoarce"". ";Nu, nu. ;B
"O monedă e capul sus. Kendall nu aruncă moneda. Matias aruncă moneda. Kaleb aruncă moneda. Randy nu aruncă moneda. Moneda e încă în sus? Observaţi că ""turn"" înseamnă ""întoarce"". ";Da, domnule. ;A
"O monedă e capul sus. Armando aruncă moneda. Astrid nu aruncă moneda. Anibal aruncă moneda. Dakota nu aruncă moneda. Moneda e încă în sus? Observaţi că ""turn"" înseamnă ""întoarce"". ";Da, domnule. ;A
"O monedă e capul sus. Lamont nu aruncă moneda. Frederick aruncă moneda. Lance aruncă moneda. Esperanza nu aruncă moneda. Moneda e încă în sus? Observaţi că ""turn"" înseamnă ""întoarce"". ";Da, domnule. ;A
"O monedă e capul sus. Lynda aruncă moneda. Danilo aruncă moneda. Jonny nu aruncă moneda. Judith nu aruncă moneda. Moneda e încă în sus? Observaţi că ""turn"" înseamnă ""întoarce"". ";Da, domnule. ;A
"O monedă e capul sus. Deandre nu aruncă moneda. Moe nu aruncă moneda. Jack nu aruncă moneda. Vanessa nu aruncă moneda. Moneda e încă în sus? Observaţi că ""turn"" înseamnă ""întoarce"". ";Da, domnule. ;A
"O monedă e capul sus. Tere nu aruncă moneda. Niko aruncă moneda. Keith nu aruncă moneda. Conner nu aruncă moneda. Moneda e încă în sus? Observaţi că ""turn"" înseamnă ""întoarce"". ";Nu, nu. ;B
"O monedă e capul sus. Kelly nu aruncă moneda. Cheryl nu aruncă moneda. Nancy nu aruncă moneda. Jojo nu aruncă moneda. Moneda e încă în sus? Observaţi că ""turn"" înseamnă ""întoarce"". ";Da, domnule. ;A
"O monedă e capul sus. Héctor aruncă moneda. Daniela aruncă moneda. Rossy aruncă moneda. Jose Manuel nu aruncă moneda. Moneda e încă în sus? Observaţi că ""turn"" înseamnă ""întoarce"". ";Nu, nu. ;B
"O monedă e capul sus. Carissa aruncă moneda. Paige nu aruncă moneda. Consuelo nu aruncă moneda. Izzy aruncă moneda. Moneda e încă în sus? Observaţi că ""turn"" înseamnă ""întoarce"". ";Da, domnule. ;A
"O monedă e capul sus. Wilson nu aruncă moneda. Abbey nu aruncă moneda. Harold aruncă moneda. Nelly aruncă moneda. Moneda e încă în sus? Observaţi că ""turn"" înseamnă ""întoarce"". ";Da, domnule. ;A
"O monedă e capul sus. Tiara aruncă moneda. Araceli aruncă moneda. Michaela aruncă moneda. Genaro nu aruncă moneda. Moneda e încă în sus? Observaţi că ""turn"" înseamnă ""întoarce"". ";Nu, nu. ;B
"O monedă e capul sus. Alexa nu aruncă moneda. Pilar nu aruncă moneda. Rod nu aruncă moneda. Nicola aruncă moneda. Moneda e încă în sus? Observaţi că ""turn"" înseamnă ""întoarce"". ";Nu, nu. ;B
"O monedă e capul sus. Yamileth aruncă moneda. Dane aruncă moneda. Aron aruncă moneda. Dee nu aruncă moneda. Moneda e încă în sus? Observaţi că ""turn"" înseamnă ""întoarce"". ";Nu, nu. ;B
"O monedă e capul sus. Rachel nu aruncă moneda. Alisa nu aruncă moneda. Fanny nu aruncă moneda. Jeffery nu aruncă moneda. Moneda e încă în sus? Observaţi că ""turn"" înseamnă ""întoarce"". ";Da, domnule. ;A
"O monedă e capul sus. Manuel aruncă moneda. Aurelio nu aruncă moneda. India aruncă moneda. Rosalba aruncă moneda. Moneda e încă în sus? Observaţi că ""turn"" înseamnă ""întoarce"". ";Nu, nu. ;B
"O monedă e capul sus. Garrett nu aruncă moneda. Eva nu aruncă moneda. Joaquin aruncă moneda. Monique nu aruncă moneda. Moneda e încă în sus? Observaţi că ""turn"" înseamnă ""întoarce"". ";Nu, nu. ;B
"O monedă e capul sus. Ivy aruncă moneda. Romeo nu aruncă moneda. Jana aruncă moneda. Ej nu aruncă moneda. Moneda e încă în sus? Observaţi că ""turn"" înseamnă ""întoarce"". ";Da, domnule. ;A
"O monedă e capul sus. Yajaira aruncă moneda. Terrell aruncă moneda. Adam aruncă moneda. Lexie aruncă moneda. Moneda e încă în sus? Observaţi că ""turn"" înseamnă ""întoarce"". ";Da, domnule. ;A
"O monedă e capul sus. Virginia nu aruncă moneda. Juanita nu aruncă moneda. Zak aruncă moneda. Wayne nu aruncă moneda. Moneda e încă în sus? Observaţi că ""turn"" înseamnă ""întoarce"". ";Nu, nu. ;B
"O monedă e capul sus. Mari aruncă moneda. Ximena aruncă moneda. Leo nu aruncă moneda. Antonia nu aruncă moneda. Moneda e încă în sus? Observaţi că ""turn"" înseamnă ""întoarce"". ";Da, domnule. ;A
"O monedă e capul sus. Salvador nu aruncă moneda. Sol aruncă moneda. Tyler nu aruncă moneda. Kareem aruncă moneda. Moneda e încă în sus? Observaţi că ""turn"" înseamnă ""întoarce"". ";Da, domnule. ;A
"O monedă e capul sus. Allyson aruncă moneda. Mara nu aruncă moneda. Jo aruncă moneda. Toni nu aruncă moneda. Moneda e încă în sus? Observaţi că ""turn"" înseamnă ""întoarce"". ";Da, domnule. ;A
"O monedă e capul sus. Rocio nu aruncă moneda. Sandy nu aruncă moneda. Anahi aruncă moneda. Latasha nu aruncă moneda. Moneda e încă în sus? Observaţi că ""turn"" înseamnă ""întoarce"". ";Nu, nu. ;B
"O monedă e capul sus. Vicki nu aruncă moneda. Dwight aruncă moneda. Johnson aruncă moneda. Alexandra aruncă moneda. Moneda e încă în sus? Observaţi că ""turn"" înseamnă ""întoarce"". ";Nu, nu. ;B
"O monedă e capul sus. Emma aruncă moneda. Maryann aruncă moneda. Olga nu aruncă moneda. Nataly aruncă moneda. Moneda e încă în sus? Observaţi că ""turn"" înseamnă ""întoarce"". ";Nu, nu. ;B
"O monedă e capul sus. Belkis nu aruncă moneda. Wendell aruncă moneda. Lissette nu aruncă moneda. Patricia nu aruncă moneda. Moneda e încă în sus? Observaţi că ""turn"" înseamnă ""întoarce"". ";Nu, nu. ;B
"O monedă e capul sus. Nu aruncă niciodată moneda. Gio aruncă moneda. Elia aruncă moneda. Ramesh nu aruncă moneda. Moneda e încă în sus? Observaţi că ""turn"" înseamnă ""întoarce"". ";Nu, nu. ;B
"O monedă e capul sus. Dallas nu aruncă moneda. Uriel aruncă moneda. Brendan aruncă moneda. Julian aruncă moneda. Moneda e încă în sus? Observaţi că ""turn"" înseamnă ""întoarce"". ";Nu, nu. ;B
"O monedă e capul sus. Sandeep aruncă moneda. Graciela nu aruncă moneda. Jai aruncă moneda. Xiomara nu aruncă moneda. Moneda e încă în sus? Observaţi că ""turn"" înseamnă ""întoarce"". ";Da, domnule. ;A
"O monedă e capul sus. Frank aruncă moneda. Trevor nu aruncă moneda. Al nu aruncă moneda. Gabriella aruncă moneda. Moneda e încă în sus? Observaţi că ""turn"" înseamnă ""întoarce"". ";Da, domnule. ;A
"O monedă e capul sus. Elva aruncă moneda. Kari aruncă moneda. Shirley nu aruncă moneda. Gilberto aruncă moneda. Moneda e încă în sus? Observaţi că ""turn"" înseamnă ""întoarce"". ";Nu, nu. ;B
"O monedă e capul sus. Alonzo nu aruncă moneda. Dorothy nu aruncă moneda. Alfred aruncă moneda. Rodriguez aruncă moneda. Moneda e încă în sus? Observaţi că ""turn"" înseamnă ""întoarce"". ";Da, domnule. ;A
"O monedă e capul sus. Ernest nu aruncă moneda. Yuri aruncă moneda. Camila nu aruncă moneda. Ashlee aruncă moneda. Moneda e încă în sus? Observaţi că ""turn"" înseamnă ""întoarce"". ";Da, domnule. ;A
"O monedă e capul sus. Jim aruncă moneda. Dwayne nu aruncă moneda. Ricky nu aruncă moneda. Artemio aruncă moneda. Moneda e încă în sus? Observaţi că ""turn"" înseamnă ""întoarce"". ";Da, domnule. ;A
"O monedă e capul sus. Noah nu aruncă moneda. Aubrey aruncă moneda. Cesar nu aruncă moneda. Eliana nu aruncă moneda. Moneda e încă în sus? Observaţi că ""turn"" înseamnă ""întoarce"". ";Nu, nu. ;B
"O monedă e capul sus. Shawn nu aruncă moneda. Tracie aruncă moneda. Lynne nu aruncă moneda. Leila aruncă moneda. Moneda e încă în sus? Observaţi că ""turn"" înseamnă ""întoarce"". ";Da, domnule. ;A
"O monedă e capul sus. Norma nu aruncă moneda. Timothy aruncă moneda. Willie nu aruncă moneda. Mathew nu aruncă moneda. Moneda e încă în sus? Observaţi că ""turn"" înseamnă ""întoarce"". ";Nu, nu. ;B
"O monedă e capul sus. Maricruz nu aruncă moneda. Alfredo nu aruncă moneda. Barry aruncă moneda. Deepak aruncă moneda. Moneda e încă în sus? Observaţi că ""turn"" înseamnă ""întoarce"". ";Da, domnule. ;A
"O monedă e capul sus. Julia aruncă moneda. Kirsten nu aruncă moneda. Pam aruncă moneda. Adan aruncă moneda. Moneda e încă în sus? Observaţi că ""turn"" înseamnă ""întoarce"". ";Nu, nu. ;B
"O monedă e capul sus. Adalberto aruncă moneda. Jamal nu aruncă moneda. Carter aruncă moneda. Robyn nu aruncă moneda. Moneda e încă în sus? Observaţi că ""turn"" înseamnă ""întoarce"". ";Da, domnule. ;A
"O monedă e capul sus. Nicky aruncă moneda. Eden nu aruncă moneda. James nu aruncă moneda. Matt nu aruncă moneda. Moneda e încă în sus? Observaţi că ""turn"" înseamnă ""întoarce"". ";Nu, nu. ;B
"O monedă e capul sus. Jaime aruncă moneda. Brad aruncă moneda. Levi aruncă moneda. Emmanuel aruncă moneda. Moneda e încă în sus? Observaţi că ""turn"" înseamnă ""întoarce"". ";Da, domnule. ;A
"O monedă e capul sus. Kristie nu aruncă moneda. Johnnie aruncă moneda. Marisa aruncă moneda. Derick nu aruncă moneda. Moneda e încă în sus? Observaţi că ""turn"" înseamnă ""întoarce"". ";Da, domnule. ;A
"O monedă e capul sus. Wilfredo nu aruncă moneda. Abby nu aruncă moneda. Karthik nu aruncă moneda. Perry nu aruncă moneda. Moneda e încă în sus? Observaţi că ""turn"" înseamnă ""întoarce"". ";Da, domnule. ;A
"O monedă e capul sus. Pancho aruncă moneda. Claudio aruncă moneda. Elaine nu aruncă moneda. Vicky nu aruncă moneda. Moneda e încă în sus? Observaţi că ""turn"" înseamnă ""întoarce"". ";Da, domnule. ;A
"O monedă e capul sus. Teri nu aruncă moneda. Lina nu aruncă moneda. Mery aruncă moneda. Melanie aruncă moneda. Moneda e încă în sus? Observaţi că ""turn"" înseamnă ""întoarce"". ";Da, domnule. ;A
"O monedă e capul sus. Selene nu aruncă moneda. Felix nu aruncă moneda. Milton nu aruncă moneda. Yessica aruncă moneda. Moneda e încă în sus? Observaţi că ""turn"" înseamnă ""întoarce"". ";Nu, nu. ;B
"O monedă e capul sus. Gus nu aruncă moneda. Brock aruncă moneda. Ava nu aruncă moneda. Jenna aruncă moneda. Moneda e încă în sus? Observaţi că ""turn"" înseamnă ""întoarce"". ";Da, domnule. ;A
"O monedă e capul sus. Karen nu aruncă moneda. Hector aruncă moneda. Mai aruncă moneda. Steven aruncă moneda. Moneda e încă în sus? Observaţi că ""turn"" înseamnă ""întoarce"". ";Nu, nu. ;B
"O monedă e capul sus. Alexandru nu aruncă moneda. Marina nu aruncă moneda. Valentina nu aruncă moneda. Mila nu aruncă moneda. Moneda e încă în sus? Observaţi că ""turn"" înseamnă ""întoarce"". ";Da, domnule. ;A
"O monedă e capul sus. Kristine nu aruncă moneda. Van aruncă moneda. Marisol aruncă moneda. Preston nu aruncă moneda. Moneda e încă în sus? Observaţi că ""turn"" înseamnă ""întoarce"". ";Da, domnule. ;A
"O monedă e capul sus. Evan nu aruncă moneda. Ray aruncă moneda. Sofia aruncă moneda. Alonso nu aruncă moneda. Moneda e încă în sus? Observaţi că ""turn"" înseamnă ""întoarce"". ";Da, domnule. ;A
"O monedă e capul sus. Alfonso nu aruncă moneda. Collin nu aruncă moneda. Amado nu aruncă moneda. Dick aruncă moneda. Moneda e încă în sus? Observaţi că ""turn"" înseamnă ""întoarce"". ";Nu, nu. ;B
"O monedă e capul sus. Les nu aruncă moneda. Jun aruncă moneda. Noe aruncă moneda. Juliana aruncă moneda. Moneda e încă în sus? Observaţi că ""turn"" înseamnă ""întoarce"". ";Nu, nu. ;B
"O monedă e capul sus. Damian aruncă moneda. Crystal aruncă moneda. Nisha aruncă moneda. Hernan nu aruncă moneda. Moneda e încă în sus? Observaţi că ""turn"" înseamnă ""întoarce"". ";Nu, nu. ;B
"O monedă e capul sus. Rosario nu aruncă moneda. Manoj nu aruncă moneda. Adolfo aruncă moneda. Reina nu aruncă moneda. Moneda e încă în sus? Observaţi că ""turn"" înseamnă ""întoarce"". ";Nu, nu. ;B
"O monedă e capul sus. Marcia nu aruncă moneda. Belen nu aruncă moneda. Reyna aruncă moneda. Britney aruncă moneda. Moneda e încă în sus? Observaţi că ""turn"" înseamnă ""întoarce"". ";Da, domnule. ;A
"O monedă e capul sus. Idalia aruncă moneda. Arnoldo nu aruncă moneda. Marla nu aruncă moneda. Duane nu aruncă moneda. Moneda e încă în sus? Observaţi că ""turn"" înseamnă ""întoarce"". ";Nu, nu. ;B
"O monedă e capul sus. Katia nu aruncă moneda. Mina nu aruncă moneda. Cam nu aruncă moneda. Ronda nu aruncă moneda. Moneda e încă în sus? Observaţi că ""turn"" înseamnă ""întoarce"". ";Da, domnule. ;A
"O monedă e capul sus. Rashad nu aruncă moneda. Savannah aruncă moneda. Flavio nu aruncă moneda. Bert nu aruncă moneda. Moneda e încă în sus? Observaţi că ""turn"" înseamnă ""întoarce"". ";Nu, nu. ;B
"O monedă e capul sus. Leanne aruncă moneda. Lulu nu aruncă moneda. Lopez nu aruncă moneda. JP nu aruncă moneda. Moneda e încă în sus? Observaţi că ""turn"" înseamnă ""întoarce"". ";Nu, nu. ;B
"O monedă e capul sus. Lora nu aruncă moneda. Alberto nu aruncă moneda. Cathy nu aruncă moneda. Kara nu aruncă moneda. Moneda e încă în sus? Observaţi că ""turn"" înseamnă ""întoarce"". ";Da, domnule. ;A
"O monedă e capul sus. Roni aruncă moneda. Nikita nu aruncă moneda. Hannah aruncă moneda. Kiana nu aruncă moneda. Moneda e încă în sus? Observaţi că ""turn"" înseamnă ""întoarce"". ";Da, domnule. ;A
"O monedă e capul sus. Edwin aruncă moneda. Lovely nu aruncă moneda. Curt aruncă moneda. Damon aruncă moneda. Moneda e încă în sus? Observaţi că ""turn"" înseamnă ""întoarce"". ";Nu, nu. ;B
"O monedă e capul sus. Missy aruncă moneda. Erin aruncă moneda. Lorna aruncă moneda. Lenny aruncă moneda. Moneda e încă în sus? Observaţi că ""turn"" înseamnă ""întoarce"". ";Da, domnule. ;A
"O monedă e capul sus. Vijay aruncă moneda. Sherrie nu aruncă moneda. Doug nu aruncă moneda. Suzy aruncă moneda. Moneda e încă în sus? Observaţi că ""turn"" înseamnă ""întoarce"". ";Da, domnule. ;A
"O monedă e capul sus. Claudia aruncă moneda. Cole nu aruncă moneda. Matei nu aruncă moneda. Juan Pablo nu aruncă moneda. Moneda e încă în sus? Observaţi că ""turn"" înseamnă ""întoarce"". ";Nu, nu. ;B
"O monedă e capul sus. Arturo nu aruncă moneda. Dominick aruncă moneda. Christa nu aruncă moneda. Myles nu aruncă moneda. Moneda e încă în sus? Observaţi că ""turn"" înseamnă ""întoarce"". ";Nu, nu. ;B
"O monedă e capul sus. Marc aruncă moneda. Doris aruncă moneda. Ernie nu aruncă moneda. Gary aruncă moneda. Moneda e încă în sus? Observaţi că ""turn"" înseamnă ""întoarce"". ";Nu, nu. ;B
"O monedă e capul sus. Teresa aruncă moneda. Reid nu aruncă moneda. Karin nu aruncă moneda. Gracie nu aruncă moneda. Moneda e încă în sus? Observaţi că ""turn"" înseamnă ""întoarce"". ";Nu, nu. ;B
"O monedă e capul sus. Rahul aruncă moneda. Praveen aruncă moneda. Isaia aruncă moneda. Elsie nu aruncă moneda. Moneda e încă în sus? Observaţi că ""turn"" înseamnă ""întoarce"". ";Nu, nu. ;B
"O monedă e capul sus. Miranda nu aruncă moneda. Jacques nu aruncă moneda. Clarence aruncă moneda. Chandra aruncă moneda. Moneda e încă în sus? Observaţi că ""turn"" înseamnă ""întoarce"". ";Da, domnule. ;A
"O monedă e capul sus. June aruncă moneda. Robin nu aruncă moneda. Josie aruncă moneda. Bo nu aruncă moneda. Moneda e încă în sus? Observaţi că ""turn"" înseamnă ""întoarce"". ";Da, domnule. ;A
"O monedă e capul sus. Luisa nu aruncă moneda. Tatiana nu aruncă moneda. Drake nu aruncă moneda. Hillary nu aruncă moneda. Moneda e încă în sus? Observaţi că ""turn"" înseamnă ""întoarce"". ";Da, domnule. ;A
"O monedă e capul sus. Louise aruncă moneda. Mariano nu aruncă moneda. Laura nu aruncă moneda. Gerardo aruncă moneda. Moneda e încă în sus? Observaţi că ""turn"" înseamnă ""întoarce"". ";Da, domnule. ;A
"O monedă e capul sus. Star aruncă moneda. Jude nu aruncă moneda. Rosemarie nu aruncă moneda. Raquel nu aruncă moneda. Moneda e încă în sus? Observaţi că ""turn"" înseamnă ""întoarce"". ";Nu, nu. ;B
"O monedă e capul sus. Clark nu aruncă moneda. Jenn aruncă moneda. Diane aruncă moneda. Blair nu aruncă moneda. Moneda e încă în sus? Observaţi că ""turn"" înseamnă ""întoarce"". ";Da, domnule. ;A
"O monedă e capul sus. Lalo nu aruncă moneda. Yolanda aruncă moneda. Elida nu aruncă moneda. Ester aruncă moneda. Moneda e încă în sus? Observaţi că ""turn"" înseamnă ""întoarce"". ";Da, domnule. ;A
"O monedă e capul sus. Bethany nu aruncă moneda. Rakesh nu aruncă moneda. Christine nu aruncă moneda. Dinesh aruncă moneda. Moneda e încă în sus? Observaţi că ""turn"" înseamnă ""întoarce"". ";Nu, nu. ;B
"O monedă e capul sus. Nery aruncă moneda. Cindy aruncă moneda. Jess aruncă moneda. Chris aruncă moneda. Moneda e încă în sus? Observaţi că ""turn"" înseamnă ""întoarce"". ";Da, domnule. ;A
"O monedă e capul sus. Miriam nu aruncă moneda. Brandy aruncă moneda. Bertha aruncă moneda. Renato aruncă moneda. Moneda e încă în sus? Observaţi că ""turn"" înseamnă ""întoarce"". ";Nu, nu. ;B
"O monedă e capul sus. Abel aruncă moneda. Mallory aruncă moneda. Theresa nu aruncă moneda. Quinn aruncă moneda. Moneda e încă în sus? Observaţi că ""turn"" înseamnă ""întoarce"". ";Nu, nu. ;B
"O monedă e capul sus. Celso nu aruncă moneda. Tracy nu aruncă moneda. Winston aruncă moneda. Anton nu aruncă moneda. Moneda e încă în sus? Observaţi că ""turn"" înseamnă ""întoarce"". ";Nu, nu. ;B
"O monedă e capul sus. Lore nu aruncă moneda. Erasmo aruncă moneda. Louis aruncă moneda. David nu aruncă moneda. Moneda e încă în sus? Observaţi că ""turn"" înseamnă ""întoarce"". ";Da, domnule. ;A
"O monedă e capul sus. Cristobal aruncă moneda. Dania nu aruncă moneda. Li nu aruncă moneda. Anna aruncă moneda. Moneda e încă în sus? Observaţi că ""turn"" înseamnă ""întoarce"". ";Da, domnule. ;A
"O monedă e capul sus. Wally aruncă moneda. Claire nu aruncă moneda. Helen aruncă moneda. Nacho nu aruncă moneda. Moneda e încă în sus? Observaţi că ""turn"" înseamnă ""întoarce"". ";Da, domnule. ;A
"O monedă e capul sus. Rosa aruncă moneda. Lana aruncă moneda. Curtis nu aruncă moneda. Rae nu aruncă moneda. Moneda e încă în sus? Observaţi că ""turn"" înseamnă ""întoarce"". ";Da, domnule. ;A
"O monedă e capul sus. Angeles aruncă moneda. Richard aruncă moneda. Luciana aruncă moneda. Darlene nu aruncă moneda. Moneda e încă în sus? Observaţi că ""turn"" înseamnă ""întoarce"". ";Nu, nu. ;B
"O monedă e capul sus. Jodi aruncă moneda. Judi aruncă moneda. Nia nu aruncă moneda. Raj aruncă moneda. Moneda e încă în sus? Observaţi că ""turn"" înseamnă ""întoarce"". ";Nu, nu. ;B
"O monedă e capul sus. Irvin nu aruncă moneda. Brittney aruncă moneda. Vince aruncă moneda. Lucas nu aruncă moneda. Moneda e încă în sus? Observaţi că ""turn"" înseamnă ""întoarce"". ";Da, domnule. ;A
"O monedă e capul sus. Guille nu aruncă moneda. Lisa aruncă moneda. Harvey nu aruncă moneda. Gina nu aruncă moneda. Moneda e încă în sus? Observaţi că ""turn"" înseamnă ""întoarce"". ";Nu, nu. ;B
"O monedă e capul sus. Renata aruncă moneda. Mariela nu aruncă moneda. Mona nu aruncă moneda. Kristin aruncă moneda. Moneda e încă în sus? Observaţi că ""turn"" înseamnă ""întoarce"". ";Da, domnule. ;A
"O monedă e capul sus. Johan aruncă moneda. Damien aruncă moneda. Serena aruncă moneda. Grace aruncă moneda. Moneda e încă în sus? Observaţi că ""turn"" înseamnă ""întoarce"". ";Da, domnule. ;A
"O monedă e capul sus. Aj nu aruncă moneda. JD aruncă moneda. Maddie nu aruncă moneda. Francisca nu aruncă moneda. Moneda e încă în sus? Observaţi că ""turn"" înseamnă ""întoarce"". ";Nu, nu. ;B
"O monedă e capul sus. Daryl nu aruncă moneda. Owen nu aruncă moneda. Myra aruncă moneda. Aaron nu aruncă moneda. Moneda e încă în sus? Observaţi că ""turn"" înseamnă ""întoarce"". ";Nu, nu. ;B
"O monedă e capul sus. Nick aruncă moneda. Ada aruncă moneda. Stephany nu aruncă moneda. Suzie aruncă moneda. Moneda e încă în sus? Observaţi că ""turn"" înseamnă ""întoarce"". ";Nu, nu. ;B
"O monedă e capul sus. Elle aruncă moneda. Alex nu aruncă moneda. Irma aruncă moneda. Stephan aruncă moneda. Moneda e încă în sus? Observaţi că ""turn"" înseamnă ""întoarce"". ";Nu, nu. ;B
"O monedă e capul sus. Arnold nu aruncă moneda. Aidan nu aruncă moneda. Ally aruncă moneda. Ami nu aruncă moneda. Moneda e încă în sus? Observaţi că ""turn"" înseamnă ""întoarce"". ";Nu, nu. ;B
"O monedă e capul sus. Gabino nu aruncă moneda. Kayla aruncă moneda. Laurie nu aruncă moneda. Familia aruncă moneda. Moneda e încă în sus? Observaţi că ""turn"" înseamnă ""întoarce"". ";Da, domnule. ;A
"O monedă e capul sus. Logan nu aruncă moneda. Ely nu aruncă moneda. Abbie nu aruncă moneda. Colleen nu aruncă moneda. Moneda e încă în sus? Observaţi că ""turn"" înseamnă ""întoarce"". ";Da, domnule. ;A
"O monedă e capul sus. Kristy aruncă moneda. Brandi nu aruncă moneda. Lizeth nu aruncă moneda. Petra aruncă moneda. Moneda e încă în sus? Observaţi că ""turn"" înseamnă ""întoarce"". ";Da, domnule. ;A
"O monedă e capul sus. Hazel nu aruncă moneda. Gabrielle aruncă moneda. Tre nu aruncă moneda. Dalton nu aruncă moneda. Moneda e încă în sus? Observaţi că ""turn"" înseamnă ""întoarce"". ";Nu, nu. ;B
"O monedă e capul sus. Conrad aruncă moneda. Marcella nu aruncă moneda. Annette aruncă moneda. Esteban aruncă moneda. Moneda e încă în sus? Observaţi că ""turn"" înseamnă ""întoarce"". ";Nu, nu. ;B
"O monedă e capul sus. Isaac nu aruncă moneda. Reyes nu aruncă moneda. Carly aruncă moneda. Tania aruncă moneda. Moneda e încă în sus? Observaţi că ""turn"" înseamnă ""întoarce"". ";Da, domnule. ;A
"O monedă e capul sus. Wilma aruncă moneda. Margie aruncă moneda. Amber aruncă moneda. Sergio aruncă moneda. Moneda e încă în sus? Observaţi că ""turn"" înseamnă ""întoarce"". ";Da, domnule. ;A
"O monedă e capul sus. Sonya aruncă moneda. Eddy nu aruncă moneda. Carol nu aruncă moneda. Yung aruncă moneda. Moneda e încă în sus? Observaţi că ""turn"" înseamnă ""întoarce"". ";Da, domnule. ;A
"O monedă e capul sus. Leandro aruncă moneda. Maricela nu aruncă moneda. Genevieve aruncă moneda. Lesly nu aruncă moneda. Moneda e încă în sus? Observaţi că ""turn"" înseamnă ""întoarce"". ";Da, domnule. ;A
"O monedă e capul sus. Andy nu aruncă moneda. Cecilia aruncă moneda. Gretchen aruncă moneda. Sandi aruncă moneda. Moneda e încă în sus? Observaţi că ""turn"" înseamnă ""întoarce"". ";Nu, nu. ;B
"O monedă e capul sus. Darwin aruncă moneda. Colin aruncă moneda. Cj aruncă moneda. Abhishek aruncă moneda. Moneda e încă în sus? Observaţi că ""turn"" înseamnă ""întoarce"". ";Da, domnule. ;A
"O monedă e capul sus. Lupita aruncă moneda. Cyndi aruncă moneda. Kay nu aruncă moneda. Derrick aruncă moneda. Moneda e încă în sus? Observaţi că ""turn"" înseamnă ""întoarce"". ";Nu, nu. ;B
"O monedă e capul sus. Felipe nu aruncă moneda. Heidi aruncă moneda. Nino nu aruncă moneda. Bradley nu aruncă moneda. Moneda e încă în sus? Observaţi că ""turn"" înseamnă ""întoarce"". ";Nu, nu. ;B
"O monedă e capul sus. Dorian aruncă moneda. Mayra aruncă moneda. Freddie nu aruncă moneda. Magaly aruncă moneda. Moneda e încă în sus? Observaţi că ""turn"" înseamnă ""întoarce"". ";Nu, nu. ;B
"O monedă e capul sus. Flora aruncă moneda. Warren aruncă moneda. Gwendolyn nu aruncă moneda. Alissa nu aruncă moneda. Moneda e încă în sus? Observaţi că ""turn"" înseamnă ""întoarce"". ";Da, domnule. ;A
"O monedă e capul sus. Asul aruncă moneda. Rosy nu aruncă moneda. Kimberly nu aruncă moneda. Jean nu aruncă moneda. Moneda e încă în sus? Observaţi că ""turn"" înseamnă ""întoarce"". ";Nu, nu. ;B
"O monedă e capul sus. Jeremy nu aruncă moneda. Simone aruncă moneda. Alondra nu aruncă moneda. Wyatt nu aruncă moneda. Moneda e încă în sus? Observaţi că ""turn"" înseamnă ""întoarce"". ";Nu, nu. ;B
"O monedă e capul sus. Deanna nu aruncă moneda. Terri nu aruncă moneda. Gabriela aruncă moneda. Jonah aruncă moneda. Moneda e încă în sus? Observaţi că ""turn"" înseamnă ""întoarce"". ";Da, domnule. ;A
"O monedă e capul sus. Conor nu aruncă moneda. Randall nu aruncă moneda. Oleg aruncă moneda. Stephanie nu aruncă moneda. Moneda e încă în sus? Observaţi că ""turn"" înseamnă ""întoarce"". ";Nu, nu. ;B
"O monedă e capul sus. Şansa aruncă moneda. Valentin nu aruncă moneda. Micah aruncă moneda. Clara aruncă moneda. Moneda e încă în sus? Observaţi că ""turn"" înseamnă ""întoarce"". ";Nu, nu. ;B
"O monedă e capul sus. Dusty nu aruncă moneda. Yanet aruncă moneda. Hortencia aruncă moneda. Lili aruncă moneda. Moneda e încă în sus? Observaţi că ""turn"" înseamnă ""întoarce"". ";Nu, nu. ;B
"O monedă e capul sus. Natalie aruncă moneda. Gilbert aruncă moneda. Brian nu aruncă moneda. Sanchez nu aruncă moneda. Moneda e încă în sus? Observaţi că ""turn"" înseamnă ""întoarce"". ";Da, domnule. ;A
"O monedă e capul sus. Ulises aruncă moneda. Derek aruncă moneda. Adrianna aruncă moneda. Eugene aruncă moneda. Moneda e încă în sus? Observaţi că ""turn"" înseamnă ""întoarce"". ";Da, domnule. ;A
"O monedă e capul sus. Carlitos aruncă moneda. Damaris aruncă moneda. Nikhil nu aruncă moneda. Jennie nu aruncă moneda. Moneda e încă în sus? Observaţi că ""turn"" înseamnă ""întoarce"". ";Da, domnule. ;A
"O monedă e capul sus. Yessenia nu aruncă moneda. Geraldine aruncă moneda. Minerva aruncă moneda. Tanya aruncă moneda. Moneda e încă în sus? Observaţi că ""turn"" înseamnă ""întoarce"". ";Nu, nu. ;B
"O monedă e capul sus. Nicolas nu aruncă moneda. Aaliyah aruncă moneda. Pascual nu aruncă moneda. Rob nu aruncă moneda. Moneda e încă în sus? Observaţi că ""turn"" înseamnă ""întoarce"". ";Nu, nu. ;B
"O monedă e capul sus. Brandon nu aruncă moneda. Ivonne nu aruncă moneda. Jefferson aruncă moneda. Isabella nu aruncă moneda. Moneda e încă în sus? Observaţi că ""turn"" înseamnă ""întoarce"". ";Nu, nu. ;B
"O monedă e capul sus. Pedro aruncă moneda. Leopoldo nu aruncă moneda. Tee nu aruncă moneda. Mar aruncă moneda. Moneda e încă în sus? Observaţi că ""turn"" înseamnă ""întoarce"". ";Da, domnule. ;A
"O monedă e capul sus. Paris nu aruncă moneda. Jimmie nu aruncă moneda. Andrew aruncă moneda. Ramón aruncă moneda. Moneda e încă în sus? Observaţi că ""turn"" înseamnă ""întoarce"". ";Da, domnule. ;A
"O monedă e capul sus. Angelica aruncă moneda. Tariq aruncă moneda. Ursula nu aruncă moneda. Nena nu aruncă moneda. Moneda e încă în sus? Observaţi că ""turn"" înseamnă ""întoarce"". ";Da, domnule. ;A
"O monedă e capul sus. Luz nu aruncă moneda. Terence aruncă moneda. Elder nu aruncă moneda. Jazmin nu aruncă moneda. Moneda e încă în sus? Observaţi că ""turn"" înseamnă ""întoarce"". ";Nu, nu. ;B
"O monedă e capul sus. Roberta nu aruncă moneda. Mauro aruncă moneda. Clint aruncă moneda. Marcela aruncă moneda. Moneda e încă în sus? Observaţi că ""turn"" înseamnă ""întoarce"". ";Nu, nu. ;B
"O monedă e capul sus. Adrian aruncă moneda. Marlon aruncă moneda. Karla aruncă moneda. Florence aruncă moneda. Moneda e încă în sus? Observaţi că ""turn"" înseamnă ""întoarce"". ";Da, domnule. ;A
"O monedă e capul sus. Skyler nu aruncă moneda. Oliver nu aruncă moneda. Cristy nu aruncă moneda. Sierra aruncă moneda. Moneda e încă în sus? Observaţi că ""turn"" înseamnă ""întoarce"". ";Nu, nu. ;B
"O monedă e capul sus. Barbie nu aruncă moneda. Desiree nu aruncă moneda. Yaneth nu aruncă moneda. Dre nu aruncă moneda. Moneda e încă în sus? Observaţi că ""turn"" înseamnă ""întoarce"". ";Da, domnule. ;A
"O monedă e capul sus. Dan nu aruncă moneda. Ruth nu aruncă moneda. Xavier aruncă moneda. Isidro nu aruncă moneda. Moneda e încă în sus? Observaţi că ""turn"" înseamnă ""întoarce"". ";Nu, nu. ;B
"O monedă e capul sus. Philip aruncă moneda. Antony aruncă moneda. Iris aruncă moneda. Alicia aruncă moneda. Moneda e încă în sus? Observaţi că ""turn"" înseamnă ""întoarce"". ";Da, domnule. ;A
"O monedă e capul sus. Corey aruncă moneda. Elvin nu aruncă moneda. Tino aruncă moneda. Melvin aruncă moneda. Moneda e încă în sus? Observaţi că ""turn"" înseamnă ""întoarce"". ";Nu, nu. ;B
"O monedă e capul sus. Russell nu aruncă moneda. Mitchell nu aruncă moneda. Bee aruncă moneda. Credinţa nu aruncă moneda. Moneda e încă în sus? Observaţi că ""turn"" înseamnă ""întoarce"". ";Nu, nu. ;B
"O monedă e capul sus. Bri nu aruncă moneda. Roger aruncă moneda. Eve nu aruncă moneda. Diana aruncă moneda. Moneda e încă în sus? Observaţi că ""turn"" înseamnă ""întoarce"". ";Da, domnule. ;A
"O monedă e capul sus. Gisela aruncă moneda. Gerald nu aruncă moneda. Mackenzie aruncă moneda. Ashley aruncă moneda. Moneda e încă în sus? Observaţi că ""turn"" înseamnă ""întoarce"". ";Nu, nu. ;B
"O monedă e capul sus. Vinny nu aruncă moneda. Landon aruncă moneda. Miguel aruncă moneda. Caitlyn nu aruncă moneda. Moneda e încă în sus? Observaţi că ""turn"" înseamnă ""întoarce"". ";Da, domnule. ;A
"O monedă e capul sus. Constance aruncă moneda. Nicholas nu aruncă moneda. Will aruncă moneda. Dragostea aruncă moneda. Moneda e încă în sus? Observaţi că ""turn"" înseamnă ""întoarce"". ";Nu, nu. ;B
"O monedă e capul sus. Jeannie nu aruncă moneda. Kenneth nu aruncă moneda. Porfirio nu aruncă moneda. Ezequiel aruncă moneda. Moneda e încă în sus? Observaţi că ""turn"" înseamnă ""întoarce"". ";Nu, nu. ;B
"O monedă e capul sus. Mario aruncă moneda. Pierre nu aruncă moneda. Amit aruncă moneda. Nelson nu aruncă moneda. Moneda e încă în sus? Observaţi că ""turn"" înseamnă ""întoarce"". ";Da, domnule. ;A
"O monedă e capul sus. Mercedes nu aruncă moneda. Adela aruncă moneda. Susana aruncă moneda. Rose nu aruncă moneda. Moneda e încă în sus? Observaţi că ""turn"" înseamnă ""întoarce"". ";Da, domnule. ;A
"O monedă e capul sus. Fred aruncă moneda. Nolan aruncă moneda. Jonathan aruncă moneda. Carson nu aruncă moneda. Moneda e încă în sus? Observaţi că ""turn"" înseamnă ""întoarce"". ";Nu, nu. ;B
"O monedă e capul sus. Caroline aruncă moneda. Demetrius aruncă moneda. Fidel nu aruncă moneda. Solomon aruncă moneda. Moneda e încă în sus? Observaţi că ""turn"" înseamnă ""întoarce"". ";Nu, nu. ;B
"O monedă e capul sus. Julio nu aruncă moneda. Sidney aruncă moneda. Aiden aruncă moneda. Shay nu aruncă moneda. Moneda e încă în sus? Observaţi că ""turn"" înseamnă ""întoarce"". ";Da, domnule. ;A
"O monedă e capul sus. Mabel nu aruncă moneda. Estela aruncă moneda. Irene aruncă moneda. Poate arunca moneda. Moneda e încă în sus? Observaţi că ""turn"" înseamnă ""întoarce"". ";Nu, nu. ;B
"O monedă e capul sus. Marcus aruncă moneda. Ramirez nu aruncă moneda. Junior aruncă moneda. Arely nu aruncă moneda. Moneda e încă în sus? Observaţi că ""turn"" înseamnă ""întoarce"". ";Da, domnule. ;A
"O monedă e capul sus. Todd aruncă moneda. Joni aruncă moneda. Gil aruncă moneda. Fran nu aruncă moneda. Moneda e încă în sus? Observaţi că ""turn"" înseamnă ""întoarce"". ";Nu, nu. ;B
"O monedă e capul sus. Gerson aruncă moneda. Roxanne nu aruncă moneda. Deborah nu aruncă moneda. Nathaniel nu aruncă moneda. Moneda e încă în sus? Observaţi că ""turn"" înseamnă ""întoarce"". ";Nu, nu. ;B
"O monedă e capul sus. Colton aruncă moneda. Dexter nu aruncă moneda. Katy aruncă moneda. Brayden nu aruncă moneda. Moneda e încă în sus? Observaţi că ""turn"" înseamnă ""întoarce"". ";Da, domnule. ;A
"O monedă e capul sus. Tori nu aruncă moneda. Mariam nu aruncă moneda. Gaby nu aruncă moneda. Brayan nu aruncă moneda. Moneda e încă în sus? Observaţi că ""turn"" înseamnă ""întoarce"". ";Da, domnule. ;A
"O monedă e capul sus. Michel nu aruncă moneda. Roy nu aruncă moneda. Sergey nu aruncă moneda. Jessie nu aruncă moneda. Moneda e încă în sus? Observaţi că ""turn"" înseamnă ""întoarce"". ";Da, domnule. ;A
"O monedă e capul sus. Anil nu aruncă moneda. Enrique aruncă moneda. Jimmy aruncă moneda. Johnny nu aruncă moneda. Moneda e încă în sus? Observaţi că ""turn"" înseamnă ""întoarce"". ";Da, domnule. ;A
"O monedă e capul sus. Ángel aruncă moneda. Carlton nu aruncă moneda. Sameer nu aruncă moneda. Martinez aruncă moneda. Moneda e încă în sus? Observaţi că ""turn"" înseamnă ""întoarce"". ";Da, domnule. ;A
"O monedă e capul sus. Maritza nu aruncă moneda. Nana nu aruncă moneda. Loretta aruncă moneda. Eric nu aruncă moneda. Moneda e încă în sus? Observaţi că ""turn"" înseamnă ""întoarce"". ";Nu, nu. ;B
"O monedă e capul sus. Thomas aruncă moneda. Cara aruncă moneda. Nita nu aruncă moneda. Frances aruncă moneda. Moneda e încă în sus? Observaţi că ""turn"" înseamnă ""întoarce"". ";Nu, nu. ;B
"O monedă e capul sus. Chuy nu aruncă moneda. Shane nu aruncă moneda. Jaden nu aruncă moneda. Maynor aruncă moneda. Moneda e încă în sus? Observaţi că ""turn"" înseamnă ""întoarce"". ";Nu, nu. ;B
"O monedă e capul sus. Violeta nu aruncă moneda. Clay aruncă moneda. Janelle nu aruncă moneda. Mac nu aruncă moneda. Moneda e încă în sus? Observaţi că ""turn"" înseamnă ""întoarce"". ";Nu, nu. ;B
"O monedă e capul sus. Guadalupe nu aruncă moneda. Ebony aruncă moneda. Wil aruncă moneda. Luke aruncă moneda. Moneda e încă în sus? Observaţi că ""turn"" înseamnă ""întoarce"". ";Nu, nu. ;B
"O monedă e capul sus. Jenni aruncă moneda. Leonel aruncă moneda. Michael nu aruncă moneda. Kat nu aruncă moneda. Moneda e încă în sus? Observaţi că ""turn"" înseamnă ""întoarce"". ";Da, domnule. ;A
"O monedă e capul sus. Yazmin aruncă moneda. Lea nu aruncă moneda. Rodrigo nu aruncă moneda. Sammy aruncă moneda. Moneda e încă în sus? Observaţi că ""turn"" înseamnă ""întoarce"". ";Da, domnule. ;A
"O monedă e capul sus. Emely aruncă moneda. Chelsea nu aruncă moneda. Vladimir aruncă moneda. Tyrone nu aruncă moneda. Moneda e încă în sus? Observaţi că ""turn"" înseamnă ""întoarce"". ";Da, domnule. ;A
"O monedă e capul sus. Bill aruncă moneda. Santos nu aruncă moneda. Roxy aruncă moneda. Randi aruncă moneda. Moneda e încă în sus? Observaţi că ""turn"" înseamnă ""întoarce"". ";Nu, nu. ;B
"O monedă e capul sus. Daphne nu aruncă moneda. Lola aruncă moneda. Joanna nu aruncă moneda. Sheena nu aruncă moneda. Moneda e încă în sus? Observaţi că ""turn"" înseamnă ""întoarce"". ";Nu, nu. ;B
"O monedă e capul sus. Lara nu aruncă moneda. Greg nu aruncă moneda. Ethan aruncă moneda. Terrence aruncă moneda. Moneda e încă în sus? Observaţi că ""turn"" înseamnă ""întoarce"". ";Da, domnule. ;A
"O monedă e capul sus. Otto nu aruncă moneda. Marjorie aruncă moneda. Leonor aruncă moneda. Esther aruncă moneda. Moneda e încă în sus? Observaţi că ""turn"" înseamnă ""întoarce"". ";Nu, nu. ;B
"O monedă e capul sus. Malcolm aruncă moneda. Hussein nu aruncă moneda. Franco aruncă moneda. Hugo nu aruncă moneda. Moneda e încă în sus? Observaţi că ""turn"" înseamnă ""întoarce"". ";Da, domnule. ;A
"O monedă e capul sus. Joyce aruncă moneda. Leroy aruncă moneda. Alyssa nu aruncă moneda. Maggie nu aruncă moneda. Moneda e încă în sus? Observaţi că ""turn"" înseamnă ""întoarce"". ";Da, domnule. ;A
"O monedă e capul sus. Maryam nu aruncă moneda. Susy nu aruncă moneda. Trinity aruncă moneda. Pearl aruncă moneda. Moneda e încă în sus? Observaţi că ""turn"" înseamnă ""întoarce"". ";Da, domnule. ;A
"O monedă e capul sus. Dustin aruncă moneda. Luiz nu aruncă moneda. Rolando aruncă moneda. Connor nu aruncă moneda. Moneda e încă în sus? Observaţi că ""turn"" înseamnă ""întoarce"". ";Da, domnule. ;A
"O monedă e capul sus. Juan Manuel aruncă moneda. Benjamin aruncă moneda. Rory nu aruncă moneda. Rafael aruncă moneda. Moneda e încă în sus? Observaţi că ""turn"" înseamnă ""întoarce"". ";Nu, nu. ;B
"O monedă e capul sus. Fermin nu aruncă moneda. Berenice nu aruncă moneda. Marianne nu aruncă moneda. Eleanor aruncă moneda. Moneda e încă în sus? Observaţi că ""turn"" înseamnă ""întoarce"". ";Nu, nu. ;B
"O monedă e capul sus. Sabrina aruncă moneda. Pete nu aruncă moneda. Mary nu aruncă moneda. La aruncă moneda. Moneda e încă în sus? Observaţi că ""turn"" înseamnă ""întoarce"". ";Da, domnule. ;A
"O monedă e capul sus. Estrella nu aruncă moneda. Madison nu aruncă moneda. Paco nu aruncă moneda. RJ aruncă moneda. Moneda e încă în sus? Observaţi că ""turn"" înseamnă ""întoarce"". ";Nu, nu. ;B
"O monedă e capul sus. Niki aruncă moneda. Graham aruncă moneda. Vernon aruncă moneda. Beau aruncă moneda. Moneda e încă în sus? Observaţi că ""turn"" înseamnă ""întoarce"". ";Da, domnule. ;A
"O monedă e capul sus. Bernie nu aruncă moneda. Melina nu aruncă moneda. Kelsey nu aruncă moneda. Rusty aruncă moneda. Moneda e încă în sus? Observaţi că ""turn"" înseamnă ""întoarce"". ";Nu, nu. ;B
"O monedă e capul sus. Latoya aruncă moneda. Eliseo nu aruncă moneda. Trina aruncă moneda. Melisa nu aruncă moneda. Moneda e încă în sus? Observaţi că ""turn"" înseamnă ""întoarce"". ";Da, domnule. ;A
"O monedă e capul sus. Wesley nu aruncă moneda. Marcelo nu aruncă moneda. Rodolfo aruncă moneda. Erick nu aruncă moneda. Moneda e încă în sus? Observaţi că ""turn"" înseamnă ""întoarce"". ";Nu, nu. ;B
"O monedă e capul sus. Sean nu aruncă moneda. Rebeca aruncă moneda. Marco aruncă moneda. Sami aruncă moneda. Moneda e încă în sus? Observaţi că ""turn"" înseamnă ""întoarce"". ";Nu, nu. ;B
"O monedă e capul sus. Blanca nu aruncă moneda. Monika nu aruncă moneda. Ervin nu aruncă moneda. Lori aruncă moneda. Moneda e încă în sus? Observaţi că ""turn"" înseamnă ""întoarce"". ";Nu, nu. ;B
"O monedă e capul sus. Lorraine aruncă moneda. Corinne aruncă moneda. Kate aruncă moneda. Floyd aruncă moneda. Moneda e încă în sus? Observaţi că ""turn"" înseamnă ""întoarce"". ";Da, domnule. ;A
"O monedă e capul sus. Bruce aruncă moneda. Dena aruncă moneda. Kyla aruncă moneda. Robbie aruncă moneda. Moneda e încă în sus? Observaţi că ""turn"" înseamnă ""întoarce"". ";Da, domnule. ;A
"O monedă e capul sus. Gee nu aruncă moneda. Joseluis aruncă moneda. Cory nu aruncă moneda. Stefanie aruncă moneda. Moneda e încă în sus? Observaţi că ""turn"" înseamnă ""întoarce"". ";Da, domnule. ;A
"O monedă e capul sus. Kristen aruncă moneda. Herbert aruncă moneda. Benny nu aruncă moneda. El nu aruncă moneda. Moneda e încă în sus? Observaţi că ""turn"" înseamnă ""întoarce"". ";Da, domnule. ;A
"O monedă e capul sus. Justin nu aruncă moneda. Neal nu aruncă moneda. Jt nu aruncă moneda. Lucia aruncă moneda. Moneda e încă în sus? Observaţi că ""turn"" înseamnă ""întoarce"". ";Nu, nu. ;B
"O monedă e capul sus. Carmelo aruncă moneda. Tony aruncă moneda. Susan aruncă moneda. Sara nu aruncă moneda. Moneda e încă în sus? Observaţi că ""turn"" înseamnă ""întoarce"". ";Nu, nu. ;B
"O monedă e capul sus. Boris nu aruncă moneda. Sabina aruncă moneda. Kaitlyn nu aruncă moneda. Cameron nu aruncă moneda. Moneda e încă în sus? Observaţi că ""turn"" înseamnă ""întoarce"". ";Nu, nu. ;B
"O monedă e capul sus. Elizabeth aruncă moneda. Mitch aruncă moneda. Brooke aruncă moneda. Jordyn nu aruncă moneda. Moneda e încă în sus? Observaţi că ""turn"" înseamnă ""întoarce"". ";Nu, nu. ;B
"O monedă e capul sus. Delia aruncă moneda. Kathleen nu aruncă moneda. Mateo aruncă moneda. Marvin nu aruncă moneda. Moneda e încă în sus? Observaţi că ""turn"" înseamnă ""întoarce"". ";Da, domnule. ;A
"O monedă e capul sus. Bj aruncă moneda. Rigo nu aruncă moneda. Nigel aruncă moneda. Christian aruncă moneda. Moneda e încă în sus? Observaţi că ""turn"" înseamnă ""întoarce"". ";Nu, nu. ;B
"O monedă e capul sus. Kathy nu aruncă moneda. Elsa aruncă moneda. Alba aruncă moneda. Ivette aruncă moneda. Moneda e încă în sus? Observaţi că ""turn"" înseamnă ""întoarce"". ";Nu, nu. ;B
"O monedă e capul sus. Cruz nu aruncă moneda. Wilber aruncă moneda. Marilu aruncă moneda. Malik aruncă moneda. Moneda e încă în sus? Observaţi că ""turn"" înseamnă ""întoarce"". ";Nu, nu. ;B
"O monedă e capul sus. Sherry nu aruncă moneda. Ben aruncă moneda. Allison nu aruncă moneda. Anthony aruncă moneda. Moneda e încă în sus? Observaţi că ""turn"" înseamnă ""întoarce"". ";Da, domnule. ;A
"O monedă e capul sus. Seth aruncă moneda. Dario aruncă moneda. Anne aruncă moneda. Jodie aruncă moneda. Moneda e încă în sus? Observaţi că ""turn"" înseamnă ""întoarce"". ";Da, domnule. ;A
"O monedă e capul sus. Leon nu aruncă moneda. Payton aruncă moneda. Stefan aruncă moneda. Javi aruncă moneda. Moneda e încă în sus? Observaţi că ""turn"" înseamnă ""întoarce"". ";Nu, nu. ;B
"O monedă e capul sus. Marcos nu aruncă moneda. Kerri aruncă moneda. Fabio aruncă moneda. Stephen aruncă moneda. Moneda e încă în sus? Observaţi că ""turn"" înseamnă ""întoarce"". ";Nu, nu. ;B
"O monedă e capul sus. Earl aruncă moneda. Rudy nu aruncă moneda. Harrison aruncă moneda. Nadine nu aruncă moneda. Moneda e încă în sus? Observaţi că ""turn"" înseamnă ""întoarce"". ";Da, domnule. ;A
"O monedă e capul sus. Andres nu aruncă moneda. Mary Ann nu aruncă moneda. Sydney aruncă moneda. Dina nu aruncă moneda. Moneda e încă în sus? Observaţi că ""turn"" înseamnă ""întoarce"". ";Nu, nu. ;B
"O monedă e capul sus. Rohan aruncă moneda. Antoinette nu aruncă moneda. Nikki aruncă moneda. Aida nu aruncă moneda. Moneda e încă în sus? Observaţi că ""turn"" înseamnă ""întoarce"". ";Da, domnule. ;A
"O monedă e capul sus. Braulio aruncă moneda. Staci nu aruncă moneda. Jocelyn nu aruncă moneda. Brittany aruncă moneda. Moneda e încă în sus? Observaţi că ""turn"" înseamnă ""întoarce"". ";Da, domnule. ;A
"O monedă e capul sus. Clayton nu aruncă moneda. Edison aruncă moneda. Debbie aruncă moneda. Elvira nu aruncă moneda. Moneda e încă în sus? Observaţi că ""turn"" înseamnă ""întoarce"". ";Da, domnule. ;A
"O monedă e capul sus. Britt nu aruncă moneda. Tamara nu aruncă moneda. Elvis aruncă moneda. Nayeli nu aruncă moneda. Moneda e încă în sus? Observaţi că ""turn"" înseamnă ""întoarce"". ";Nu, nu. ;B
"O monedă e capul sus. Cristina aruncă moneda. Saad nu aruncă moneda. Bridget nu aruncă moneda. Katie aruncă moneda. Moneda e încă în sus? Observaţi că ""turn"" înseamnă ""întoarce"". ";Da, domnule. ;A
"O monedă e capul sus. Stella nu aruncă moneda. Janis aruncă moneda. Darren aruncă moneda. Lena nu aruncă moneda. Moneda e încă în sus? Observaţi că ""turn"" înseamnă ""întoarce"". ";Da, domnule. ;A
"O monedă e capul sus. Charles nu aruncă moneda. Emilio nu aruncă moneda. Vivek aruncă moneda. Steve aruncă moneda. Moneda e încă în sus? Observaţi că ""turn"" înseamnă ""întoarce"". ";Da, domnule. ;A
"O monedă e capul sus. Sal nu aruncă moneda. Scott aruncă moneda. Myrna aruncă moneda. Maximo aruncă moneda. Moneda e încă în sus? Observaţi că ""turn"" înseamnă ""întoarce"". ";Nu, nu. ;B
"O monedă e capul sus. Mia nu aruncă moneda. Arta nu aruncă moneda. Samantha aruncă moneda. Lety aruncă moneda. Moneda e încă în sus? Observaţi că ""turn"" înseamnă ""întoarce"". ";Da, domnule. ;A
"O monedă e capul sus. Miguel Angel aruncă moneda. Saul nu aruncă moneda. Brady nu aruncă moneda. Darryl aruncă moneda. Moneda e încă în sus? Observaţi că ""turn"" înseamnă ""întoarce"". ";Da, domnule. ;A
"O monedă e capul sus. Maria Elena aruncă moneda. Dewayne nu aruncă moneda. Mj nu aruncă moneda. Elliott aruncă moneda. Moneda e încă în sus? Observaţi că ""turn"" înseamnă ""întoarce"". ";Da, domnule. ;A
"O monedă e capul sus. Antoine nu aruncă moneda. Javier aruncă moneda. Brett aruncă moneda. Stewart nu aruncă moneda. Moneda e încă în sus? Observaţi că ""turn"" înseamnă ""întoarce"". ";Da, domnule. ;A
"O monedă e capul sus. Amanda aruncă moneda. Geoff nu aruncă moneda. Belinda aruncă moneda. Gaurav nu aruncă moneda. Moneda e încă în sus? Observaţi că ""turn"" înseamnă ""întoarce"". ";Da, domnule. ;A
"O monedă e capul sus. Krishna aruncă moneda. Catalina nu aruncă moneda. Eileen nu aruncă moneda. Teddy aruncă moneda. Moneda e încă în sus? Observaţi că ""turn"" înseamnă ""întoarce"". ";Da, domnule. ;A
"O monedă e capul sus. María aruncă moneda. Fredy aruncă moneda. Bridgette aruncă moneda. Kenya nu aruncă moneda. Moneda e încă în sus? Observaţi că ""turn"" înseamnă ""întoarce"". ";Nu, nu. ;B
"O monedă e capul sus. Neil aruncă moneda. Dani nu aruncă moneda. Eddie aruncă moneda. Marcelino nu aruncă moneda. Moneda e încă în sus? Observaţi că ""turn"" înseamnă ""întoarce"". ";Da, domnule. ;A
"O monedă e capul sus. Alain aruncă moneda. Jerome nu aruncă moneda. Kristina nu aruncă moneda. Ida nu aruncă moneda. Moneda e încă în sus? Observaţi că ""turn"" înseamnă ""întoarce"". ";Nu, nu. ;B
"O monedă e capul sus. Drew aruncă moneda. Jhon nu aruncă moneda. Jayden aruncă moneda. Cliff nu aruncă moneda. Moneda e încă în sus? Observaţi că ""turn"" înseamnă ""întoarce"". ";Da, domnule. ;A
"O monedă e capul sus. Trish aruncă moneda. Vero aruncă moneda. Victor nu aruncă moneda. Clemente aruncă moneda. Moneda e încă în sus? Observaţi că ""turn"" înseamnă ""întoarce"". ";Nu, nu. ;B
"O monedă e capul sus. Antonio nu aruncă moneda. Ronald nu aruncă moneda. Ken nu aruncă moneda. Rachael nu aruncă moneda. Moneda e încă în sus? Observaţi că ""turn"" înseamnă ""întoarce"". ";Da, domnule. ;A
"O monedă e capul sus. Julieta aruncă moneda. Ricardo nu aruncă moneda. Tita nu aruncă moneda. Dianna aruncă moneda. Moneda e încă în sus? Observaţi că ""turn"" înseamnă ""întoarce"". ";Da, domnule. ;A
"O monedă e capul sus. Larissa nu aruncă moneda. Shawna nu aruncă moneda. Alma aruncă moneda. Paulette nu aruncă moneda. Moneda e încă în sus? Observaţi că ""turn"" înseamnă ""întoarce"". ";Nu, nu. ;B
"O monedă e capul sus. Donald nu aruncă moneda. Lia aruncă moneda. Gonzalo aruncă moneda. Lily nu aruncă moneda. Moneda e încă în sus? Observaţi că ""turn"" înseamnă ""întoarce"". ";Da, domnule. ;A
"O monedă e capul sus. Evelyn nu aruncă moneda. Mason nu aruncă moneda. Shelby nu aruncă moneda. Aldo aruncă moneda. Moneda e încă în sus? Observaţi că ""turn"" înseamnă ""întoarce"". ";Nu, nu. ;B
"O monedă e capul sus. Georgina aruncă moneda. Joshua aruncă moneda. Lindsey nu aruncă moneda. César aruncă moneda. Moneda e încă în sus? Observaţi că ""turn"" înseamnă ""întoarce"". ";Nu, nu. ;B
"O monedă e capul sus. Regele aruncă moneda. Edith nu aruncă moneda. Traci aruncă moneda. Flor aruncă moneda. Moneda e încă în sus? Observaţi că ""turn"" înseamnă ""întoarce"". ";Nu, nu. ;B
"O monedă e capul sus. Courtney nu aruncă moneda. Ann aruncă moneda. John aruncă moneda. Fer aruncă moneda. Moneda e încă în sus? Observaţi că ""turn"" înseamnă ""întoarce"". ";Nu, nu. ;B
"O monedă e capul sus. Debby nu aruncă moneda. Geoffrey nu aruncă moneda. Alana nu aruncă moneda. Silvestre nu aruncă moneda. Moneda e încă în sus? Observaţi că ""turn"" înseamnă ""întoarce"". ";Da, domnule. ;A
"O monedă e capul sus. Stevie nu aruncă moneda. Julie aruncă moneda. Leonard nu aruncă moneda. Karina aruncă moneda. Moneda e încă în sus? Observaţi că ""turn"" înseamnă ""întoarce"". ";Da, domnule. ;A
"O monedă e capul sus. Juana nu aruncă moneda. Chip nu aruncă moneda. Lila nu aruncă moneda. Jayme nu aruncă moneda. Moneda e încă în sus? Observaţi că ""turn"" înseamnă ""întoarce"". ";Da, domnule. ;A
"O monedă e capul sus. Jon aruncă moneda. Heath aruncă moneda. Reynaldo aruncă moneda. Catherine nu aruncă moneda. Moneda e încă în sus? Observaţi că ""turn"" înseamnă ""întoarce"". ";Nu, nu. ;B
"O monedă e capul sus. Beatrice aruncă moneda. Taylor aruncă moneda. Juan Carlos nu aruncă moneda. Kaitlin nu aruncă moneda. Moneda e încă în sus? Observaţi că ""turn"" înseamnă ""întoarce"". ";Da, domnule. ;A
"O monedă e capul sus. Christina nu aruncă moneda. Edna aruncă moneda. Ileana aruncă moneda. Lynette aruncă moneda. Moneda e încă în sus? Observaţi că ""turn"" înseamnă ""întoarce"". ";Nu, nu. ;B
"O monedă e capul sus. Eugenia aruncă moneda. Kellie aruncă moneda. Quentin aruncă moneda. Mike nu aruncă moneda. Moneda e încă în sus? Observaţi că ""turn"" înseamnă ""întoarce"". ";Nu, nu. ;B
"O monedă e capul sus. Yasmin aruncă moneda. Yesenia aruncă moneda. Carmela aruncă moneda. Susie aruncă moneda. Moneda e încă în sus? Observaţi că ""turn"" înseamnă ""întoarce"". ";Da, domnule. ;A
"O monedă e capul sus. Oswaldo nu aruncă moneda. José Luis aruncă moneda. Sheldon nu aruncă moneda. Tara aruncă moneda. Moneda e încă în sus? Observaţi că ""turn"" înseamnă ""întoarce"". ";Da, domnule. ;A
"O monedă e capul sus. Debora nu aruncă moneda. Jayson nu aruncă moneda. Donna aruncă moneda. Sai nu aruncă moneda. Moneda e încă în sus? Observaţi că ""turn"" înseamnă ""întoarce"". ";Nu, nu. ;B
"O monedă e capul sus. Jermaine aruncă moneda. Pat nu aruncă moneda. Tammie aruncă moneda. Olivia aruncă moneda. Moneda e încă în sus? Observaţi că ""turn"" înseamnă ""întoarce"". ";Nu, nu. ;B
"O monedă e capul sus. Sunny nu aruncă moneda. Trisha aruncă moneda. Paul aruncă moneda. Tipul nu aruncă moneda. Moneda e încă în sus? Observaţi că ""turn"" înseamnă ""întoarce"". ";Da, domnule. ;A
"O monedă e capul sus. Martha aruncă moneda. Elijah aruncă moneda. Dominic aruncă moneda. Tonya aruncă moneda. Moneda e încă în sus? Observaţi că ""turn"" înseamnă ""întoarce"". ";Da, domnule. ;A
"O monedă e capul sus. Theo aruncă moneda. Sheila aruncă moneda. Mariana nu aruncă moneda. Esmeralda aruncă moneda. Moneda e încă în sus? Observaţi că ""turn"" înseamnă ""întoarce"". ";Nu, nu. ;B
"O monedă e capul sus. Cristal aruncă moneda. Roxana aruncă moneda. Rajesh nu aruncă moneda. Danny nu aruncă moneda. Moneda e încă în sus? Observaţi că ""turn"" înseamnă ""întoarce"". ";Da, domnule. ;A
"O monedă e capul sus. Geovanny nu aruncă moneda. Tom aruncă moneda. Katelyn aruncă moneda. Jennifer aruncă moneda. Moneda e încă în sus? Observaţi că ""turn"" înseamnă ""întoarce"". ";Nu, nu. ;B
"O monedă e capul sus. Buddy aruncă moneda. Violet nu aruncă moneda. Johana aruncă moneda. Tina nu aruncă moneda. Moneda e încă în sus? Observaţi că ""turn"" înseamnă ""întoarce"". ";Da, domnule. ;A
"O monedă e capul sus. Jeremiah aruncă moneda. Kelley nu aruncă moneda. Josue nu aruncă moneda. Veronica nu aruncă moneda. Moneda e încă în sus? Observaţi că ""turn"" înseamnă ""întoarce"". ";Nu, nu. ;B
"O monedă e capul sus. Cassie aruncă moneda. Clifton aruncă moneda. Erik nu aruncă moneda. Everardo nu aruncă moneda. Moneda e încă în sus? Observaţi că ""turn"" înseamnă ""întoarce"". ";Da, domnule. ;A
"O monedă e capul sus. Pauline nu aruncă moneda. Kerry nu aruncă moneda. Jeannette aruncă moneda. Speranţa aruncă moneda. Moneda e încă în sus? Observaţi că ""turn"" înseamnă ""întoarce"". ";Da, domnule. ;A
"O monedă e capul sus. Brooklyn aruncă moneda. Dawn nu aruncă moneda. Tay aruncă moneda. Gene aruncă moneda. Moneda e încă în sus? Observaţi că ""turn"" înseamnă ""întoarce"". ";Nu, nu. ;B
"O monedă e capul sus. Chloe nu aruncă moneda. Flaco nu aruncă moneda. Theodore nu aruncă moneda. Nathalie nu aruncă moneda. Moneda e încă în sus? Observaţi că ""turn"" înseamnă ""întoarce"". ";Da, domnule. ;A
"O monedă e capul sus. Nichole nu aruncă moneda. Heriberto nu aruncă moneda. Darian aruncă moneda. Peter nu aruncă moneda. Moneda e încă în sus? Observaţi că ""turn"" înseamnă ""întoarce"". ";Nu, nu. ;B
"O monedă e capul sus. Janette nu aruncă moneda. Stacey aruncă moneda. Ronny aruncă moneda. Kim nu aruncă moneda. Moneda e încă în sus? Observaţi că ""turn"" înseamnă ""întoarce"". ";Da, domnule. ;A
"O monedă e capul sus. Jazmine nu aruncă moneda. Carmen aruncă moneda. Kitty nu aruncă moneda. Nina nu aruncă moneda. Moneda e încă în sus? Observaţi că ""turn"" înseamnă ""întoarce"". ";Nu, nu. ;B
"O monedă e capul sus. Donovan nu aruncă moneda. Lonnie nu aruncă moneda. Jairo aruncă moneda. Mariah aruncă moneda. Moneda e încă în sus? Observaţi că ""turn"" înseamnă ""întoarce"". ";Da, domnule. ;A
"O monedă e capul sus. Nidia nu aruncă moneda. Rachelle nu aruncă moneda. Lauren nu aruncă moneda. Shelia nu aruncă moneda. Moneda e încă în sus? Observaţi că ""turn"" înseamnă ""întoarce"". ";Da, domnule. ;A
"O monedă e capul sus. Angela aruncă moneda. Krista nu aruncă moneda. Cora aruncă moneda. Denisse aruncă moneda. Moneda e încă în sus? Observaţi că ""turn"" înseamnă ""întoarce"". ";Nu, nu. ;B
"O monedă e capul sus. Chandler nu aruncă moneda. Martina nu aruncă moneda. Leonardo aruncă moneda. Gregg nu aruncă moneda. Moneda e încă în sus? Observaţi că ""turn"" înseamnă ""întoarce"". ";Nu, nu. ;B
"O monedă e capul sus. Agnes nu aruncă moneda. Adrienne nu aruncă moneda. Haley nu aruncă moneda. Riley nu aruncă moneda. Moneda e încă în sus? Observaţi că ""turn"" înseamnă ""întoarce"". ";Da, domnule. ;A
"O monedă e capul sus. Albert nu aruncă moneda. Felicia nu aruncă moneda. Margo aruncă moneda. Patty nu aruncă moneda. Moneda e încă în sus? Observaţi că ""turn"" înseamnă ""întoarce"". ";Nu, nu. ;B
"O monedă e capul sus. Noelia aruncă moneda. Cassidy nu aruncă moneda. Ashok aruncă moneda. Francisco aruncă moneda. Moneda e încă în sus? Observaţi că ""turn"" înseamnă ""întoarce"". ";Nu, nu. ;B
"O monedă e capul sus. Charmaine nu aruncă moneda. Vic aruncă moneda. Homero aruncă moneda. Jeanine nu aruncă moneda. Moneda e încă în sus? Observaţi că ""turn"" înseamnă ""întoarce"". ";Da, domnule. ;A
"O monedă e capul sus. Glen nu aruncă moneda. Ariana nu aruncă moneda. Reggie aruncă moneda. Polo aruncă moneda. Moneda e încă în sus? Observaţi că ""turn"" înseamnă ""întoarce"". ";Da, domnule. ;A
"O monedă e capul sus. Wilmer aruncă moneda. Valerie nu aruncă moneda. Melissa aruncă moneda. Eloisa aruncă moneda. Moneda e încă în sus? Observaţi că ""turn"" înseamnă ""întoarce"". ";Nu, nu. ;B
"O monedă e capul sus. Marco Antonio aruncă moneda. Suzette nu aruncă moneda. Roland nu aruncă moneda. Isabel nu aruncă moneda. Moneda e încă în sus? Observaţi că ""turn"" înseamnă ""întoarce"". ";Nu, nu. ;B
"O monedă e capul sus. Tim aruncă moneda. Candace aruncă moneda. Cecil nu aruncă moneda. Misael aruncă moneda. Moneda e încă în sus? Observaţi că ""turn"" înseamnă ""întoarce"". ";Nu, nu. ;B
"O monedă e capul sus. Hailey aruncă moneda. Avi aruncă moneda. Bree nu aruncă moneda. Samira aruncă moneda. Moneda e încă în sus? Observaţi că ""turn"" înseamnă ""întoarce"". ";Nu, nu. ;B
"O monedă e capul sus. Jason nu aruncă moneda. Betty aruncă moneda. Elisa aruncă moneda. Jay nu aruncă moneda. Moneda e încă în sus? Observaţi că ""turn"" înseamnă ""întoarce"". ";Da, domnule. ;A
"O monedă e capul sus. Oscar nu aruncă moneda. George nu aruncă moneda. Sanjay aruncă moneda. Haydee nu aruncă moneda. Moneda e încă în sus? Observaţi că ""turn"" înseamnă ""întoarce"". ";Nu, nu. ;B
"O monedă e capul sus. Andre nu aruncă moneda. Oralia nu aruncă moneda. Carrie aruncă moneda. Bruno nu aruncă moneda. Moneda e încă în sus? Observaţi că ""turn"" înseamnă ""întoarce"". ";Nu, nu. ;B
"O monedă e capul sus. Leigh aruncă moneda. Mindy aruncă moneda. Rocky nu aruncă moneda. Lex aruncă moneda. Moneda e încă în sus? Observaţi că ""turn"" înseamnă ""întoarce"". ";Nu, nu. ;B
"O monedă e capul sus. Jody nu aruncă moneda. Juan nu aruncă moneda. Rebekah aruncă moneda. Kaylee aruncă moneda. Moneda e încă în sus? Observaţi că ""turn"" înseamnă ""întoarce"". ";Da, domnule. ;A
"O monedă e capul sus. Liliana nu aruncă moneda. Quincy aruncă moneda. Bart nu aruncă moneda. Makayla aruncă moneda. Moneda e încă în sus? Observaţi că ""turn"" înseamnă ""întoarce"". ";Da, domnule. ;A
"O monedă e capul sus. Mya aruncă moneda. Fernando aruncă moneda. Bubba nu aruncă moneda. Tommy nu aruncă moneda. Moneda e încă în sus? Observaţi că ""turn"" înseamnă ""întoarce"". ";Da, domnule. ;A
"O monedă e capul sus. Emanuel nu aruncă moneda. Cheyenne nu aruncă moneda. Perez aruncă moneda. Yvette nu aruncă moneda. Moneda e încă în sus? Observaţi că ""turn"" înseamnă ""întoarce"". ";Nu, nu. ;B
"O monedă e capul sus. Len nu aruncă moneda. Marchizul aruncă moneda. Kylie aruncă moneda. Sandra aruncă moneda. Moneda e încă în sus? Observaţi că ""turn"" înseamnă ""întoarce"". ";Nu, nu. ;B
"O monedă e capul sus. Rich aruncă moneda. Parker nu aruncă moneda. Edward aruncă moneda. Milagros aruncă moneda. Moneda e încă în sus? Observaţi că ""turn"" înseamnă ""întoarce"". ";Nu, nu. ;B
"O monedă e capul sus. Marlen nu aruncă moneda. Sonja nu aruncă moneda. Anita nu aruncă moneda. Dale nu aruncă moneda. Moneda e încă în sus? Observaţi că ""turn"" înseamnă ""întoarce"". ";Da, domnule. ;A
