Response: 1-A, 2-B.
"Response: 1. Opsyon A (Mwen te vide posh mwen)
2. Opsyon B (Mwen jwenn yon bout biye)"
"Response: 1. Opsyon A (Foumi yo te anvayi kay la). 
Rason: Dapre sa noir, foumi yo te disparèt nan kay la. 
2. Opsyon B (Foumi yo fin wonje bwa nan kay la). 
Rason: Foumi yo fin wonje bwa nan kay la, dapre sa noir."
Response: 1. Ajan frontalye a te enspekte paspò yo. 2. Ajan frontalye a te akize yo de kontrabann.
Response: 1-A, 2-B, 3-neither, 4-both.
Response: 1-A, 2-B.
Response: 1) Opsyon A.
Response: 1) Opsyon A. 2) Opsyon B. 3) Neither of them.
"Response: 1. Opsyon A. 
Rason:  Opsyon A genyen piblik la bat bravo ak mizik la, kote ayisyen pou ou ye. 
2. Opsyon B. 
Rason: Opsyon B genyen piblik la rete koute an silans, kote ayisyen pou ou ye."
"Response: 
A) Opsyon A.
B) Opsyon B."
Response: 1. Opsyon A.
"Response: 
A) Opsyon A (Msye a te frape tèt li). 
B) Opsyon B (Li te pèdi nan panse li)."
"Response: 
A) Opsyon A, kont labank mwen te vid.
B) Opsyon B, mwen te resevwa yon ogmantasyon salè."
"Response: 
A) Opsyon A (retire spam): I agree with option A and think that it is important to remove spam messages from the inbox to keep the conversation organized and easy to manage. By removing spam messages, we can focus on the relevant and important conversations and avoid getting overwhelmed by unnecessary messages.
B) Opsyon B (voye tout moun yon mesaj imèl an mas): I disagree with option B and think that it is not necessary to see all the messages that have been sent to someone else's inbox. While it may be interesting to see how others are interacting with each other, it can also lead to confusion and misunderstandings if we are not careful about who we are responding to. It is better to focus on our own conversations and responses rather than trying to monitor everyone else's interactions."
Response: 1-A, 2-B, 3-Neither, 4-Both.
Response: 1) Opsyon A.
Response: 1. Opsyon A (Mwen te vide dlo a nan vè a). 2. Opsyon B (Vè a te vin plen).
Response: 1. Opsyon A.
"Response: 1) Opsyon A - Mwen te santi mwen koupab. 
2) Opsyon B - Mwen te pòte plent."
Response: 1) Opsyon A. 2) Opsyon B.
"Response: 1) Opsyon A - Yo te vin fatigue bat ansanm. 
2) Opsyon B - Yo te evite diskité pwoblem nan."
"Response: 
Madanm nan te deside prezante tèt li pou eleksyon an. Opsyon A, li te anboshe yon chèf de kanpany, genyen pwoblem pou moun ki wole ou ye. Pouki li te ateste nan tribunal, genyen pwoblem pou moun ki wole ou ye. Dapre sa nou di a, ki efè ki pi posib, dapre sa nou di a, I choose option A because it is the best choice for our country's development."
Response: 1) Opsyon A - Li te pote rad cho nan malet li. 2) Opsyon B - Li te vwayaje ak yon gwo malet.
Response: 1) Opsyon A. 2) Opsyon B. 3) Diffikulté.
Response: 1) Opsyon A. 2) Opsyon B. 3) Sa ki pi posib ki te lakòz sa.
"Response: 
Ak B. Li te santi l mal pou li."
"Response: 
A) Opsyon A.
B) Opsyon B."
Response: 1) Opsyon A.
"Response: 1) Opsyon A. 
Rason: Mwen te mete li nan mikro-ond, te genere akoustic waves that can break down the molecular bonds in the plastic. This will cause the plastic to soften and become more pliable, making it easier to grind or sand it down."
Response: 1) Opsyon A. 2) Opsyon B. 3) Sikilizèt ou ankòt la.
Response: 1. Opsyon A.
Response: 1) Opsyon A - Se te jououvèti fim nan. 2) Opsyon B - Fim nan te resevwa move revu.
Response: 1) Opsyon A. 2) Opsyon B. 3) Diffrens between two options.
Response: 1) Opsyon A. 2) Opsyon B.
Response: 1. Opsyon A (Piblik la te sezi epi bat bravo).
Response: 1. Opsyon A.
Response: 1. Opsyon A (Yo te develope Zam Nikleè). 2. Opsyon B (Yo te negosye yon Trete).
Response: 1-A, 2-B.
"Response: 1. Opsyon A (Pye sofa a te vin lach)
Explanation: In this scenario, option A is the best response because it addresses the immediate problem of the couch being broken and needs to be fixed or replaced as soon as possible. Option B does not provide a practical solution to the problem and only offers an unrealistic suggestion that may not be feasible in reality. Therefore, option A is the better choice."
Response: 1) Opsyon A (Balon an te pete).
Response: 1. Opsyon A (Yo te defèt malèt yo). 2. Opsyon B (Yo te ale nan aeropò a).
"Response: 1. Opsyon A (Mwen te pran yon mòso nan pèch la)
2. Opsyon B (Ju te soti ladann)"
Response: 1-A, 2-B.
Response: 1) Opsyon A (Mwen te pouse pòt la). 2) Opsyon B (Pòt la femen).
Response: 1. Opsyon A.
"Response: 1) Opsyon A; 2) Opsyon B."
"Response: 1) Opsyon A; 2) Opsyon B."
Response: 1. Opsyon A (Mwen te mete yon tabliye)
Response: 1) Opsyon A.
Response: 1. Opsyon A.
Response: 1) Opsyon A.
Response: 1. Opsyon A (Pilot the spacecraft). 2. Opsyon B (Conductor of the spaceship).
Response: 1) Opsyon A - Fèy yo te tounen diferan koulè. 2) Opsyon B - Fèy yo te ramase atè.
Response: 1) Opsyon A - Li te deside jwe yon je kat ak sè li. 2) Opsyon B - Li deside fè yon blag sou sè li.
"Response: 1. Opsyon A (Timoun nan te plenn li te bezwen ale nan twalèt)
2. Opsyon B (Papa li te bay li yon kola pou bwè)"
Response: 100% dinatilè soupleman ankòd soupleman.
Response: 1) Opsyon A (Lide politik madanm nan te chanje).
"Response: 1. Opsyon A (Lavabo a te bouche)
2. Opsyon B (Mwen lage klowòks ladann)"
Response: 1. Tren a rive nan estasyon an.
"Response: 1) Opsyon A; 2) Opsyon B."
Response: 1. Opsyon A.
Response: 1. Opsyon A.
Response: 1) Opsyon A - Mwen te tande pandil la ap fè tik-tok.
"Response: 
A) Opsyon A: Mwen te ekri redaksyon an a la men, kosile mwen te fèk peyizan yo.
B) Opsyon B: Madanm mwen kenbe men avè mwen, kosile mwen te fèk peyizan yo."
Response: 1) Opsyon A.
Response: 1) Opsyon A. 2) Opsyon B.
Response: 1. Opsyon A.
Response: 1) Opsyon A (Msye a te mete yon jilè softaj).
"Response: 
A) Opsyon A
B) Opsyon B"
Response: 1. Opsyon A.
Response: 1) Opsyon A - Gazon a te plen labou. 2) Opsyon B - Li te plen move zèb.
"Response: 1) Opsyon A. 
Motiv:  Li te pase nit la nan lotel, konsa byen travay pou byen yon pral ki te fèy la."
Response: 1) Opsyon A (Li te chita nan lonbraj).
"Response: 
Ak B. 
Motivasyon:  Dòmi nan lavi pou ou. 

Answer: I choose option B because it is more convincing and better supported by evidence. While both options present some arguments in favor of their respective theories, Option B provides more comprehensive and compelling reasons to support its claims. Specifically, it highlights the inconsistencies in the opposing theory, provides empirical evidence to refute it, and offers a more coherent explanation for the observed phenomena. By contrast, Option A relies mainly on assertions without providing sufficient evidence or logical reasoning to back them up. Therefore, based on the information provided, I find Option B to be more persuasive and well-supported."
Response: 1-A, 2-B, 3-C, 4-D, 5-E.
Response: 1. Opsyon A (Mwen te met konbinezon an nan seru a).
Response: 1. Opsyon A (Papa a bay pitit gason li lajan). 2. Opsyon B (Papa pran men pitit gason li).
"Response: 1) Opsyon A; 2) Opsyon B."
Response: 1) Opsyon A: Kayak la rive sou rivaj la. 2) Opsyon B: Kayak la te frape yon vag.
Response: 1. A.
"Response: 
A) Opsyon A: Mwen te limen vantilatè a.
B) Opsyon B: Mwen te santi yon briz fre pase sou mwen."
Response: 1) Opsyon A. 2) Opsyon B. 3) Ni dwa kay.
Response: 1. Opsyon A.
Response: 1. Opsyon A (Li akize de twonpri). 2. Opsyon B (Li te konfese twonpri li).
Response: 1) Opsyon A - Mwen te tann lank la sèk. 2) Opsyon B - Mwen te ranvès dlo sou postè a.
Response: 1. Opsyon A.
Response: 1. Opsyon A. 2. Opsyon B.
Response: 1) Opsyon A - Mwen te rele non li.
Response: 1. Opsyon A (Sitwayen te òganizeyon revolusyon).
"Response: 1) Opsyon A; 2) Opsyon B."
Response: 10-20 minuts.
Response: 1. Opsyon A (Msye a te jalou kolèg li).
Response: 1. Li t ap medite.
Response: 1. Opsyon A.
Response: 1. Opsyon A.
Response: 1-A, 2-B.
Response: 1. Opsyon A.
"Response: 
A) Opsyon A: Mwen te limen yon lanp, kòb la. 
B) Opsyon B: Mwen te rekonekte diskonktè a, kòb la."
Response: 1. Opsyon A (Nou te monte roulo coaster a).
Response: 1) Opsyon A. 2) Opsyon B.
Response: 1-A, 2-B, 3-C, 4-D.
Response: 1. Opsyon A.
"Response: 1. Opsyon A (Mwen te pike m ak yon zepeng)
Explanation: In this dialogue, the speaker is expressing their frustration with the fact that they are not able to find something they want. The phrase ""mwen te pike m ak yon zepeng"" means ""I can't find what I am looking for"", and it is used in response to the question ""Ki efè ki pi posib, dapre sa nou di a?"" which means ""What do you think, how can we solve this problem?"" The speaker chooses option A, which means ""I don't know""."
Response: 1) Opsyon A (Li te grangou).
Response: 1-A, 2-B.
Response: 1. Opsyon A. 2. Opsyon B.
Response: 1-A, 2-B.
Response: 1-A, 2-B, 3-C, 4-D, 5-E.
Response: 1) Opsyon A. 2) Opsyon B.
Response: 1. Opsyon A.
Response: 1) Opsyon A - Mwen te rate  apèl menaj mwen. 2) Opsyon B - Mwen te rankontre li pou dine.
Response: 1) Opsyon A. 2) Opsyon B.
Response: 1) Opsyon A - Mwen te wè souf mwen lè mwen te respire. 2) Opsyon B - Pwatrin mwen te santi li sere.
Response: 1. Opsyon A.
"Response: 1) Opsyon A; 2) Opsyon B."
Response: 1) Opsyon A.
Response: 1. Opsyon A (Dlo a te bouilli).
Response: 1) Opsyon A (Mwen te mete sandal).
"Response: 1) Opsyon A. 
Motivasyon:  An ti te konsidere ridikil, yon fèt pou ou byen la pression politike."
Response: 1) Opsyon A (koup la te vin ansent). 2) Opsyon B (koup la te chape).
Response: 1) Opsyon A - Milyonè a te vle kraze batiman an. 2) Opsyon B - Milyonè te bay kòb pou bati li.
"Response: 1. Opsyon A (Vandè a te akize fi a de vòl)
2. Opsyon B (Vandè a te ede fi a jwenn sa li renmen a)"
Response: 1. Opsyon A (Peyi a te deklaré lagè sou teritwa vwazen an). 2. Opsyon B (Solda yo te reyini ak fanmi yo).
Response: 1. Opsyon A.
Response: 1-A, 2-B.
"Response: 1. Opsyon A (Laplui t ap desann)
Explanation:
The correct answer is option A because ""Laplui t ap desann"" means ""I will give you a present"". It is a polite way of expressing gratitude or appreciation towards someone."
Response: 1-A, 2-B, 3-C, 4-D, 5-E.
"Response: 1. Opsyon A (Papa a te achte piti gason li yon byè)
2. Opsyon B (Papa a te fè pitit gason li soti nan kay la)"
Response: 1-A, 2-B, 3-C, 4-D, 5-E.
Response: 1. Opsyon A.
Response: 1) Opsyon A: Kesyè a bay fi a monnen li. 2) Opsyon B: Kesyè a te bliye bay fi a resi a.
Response: 1. A.
Response: 1. Opsyon A. 2. Opsyon B.
Response: 1. Ekip la te pèdi tounwa a. 2. Yo te desi fan yo.
Response: 1. Opsyon A.
Response: 1. Opsyon A.
Response: 1. Opsyon A, yon tranbleman tè te frape site a. 2. Opsyon B, to kriminalite a te ogmante.
"Response: 
A) Opsyon A
B) Opsyon B"
Response: 1) Opsyon A (Ballon an te roule ale).
Response: 1. Opsyon A.
Response: 1. Li te depwente.
Response: 1) Opsyon A. 2) Opsyon B.
Response: 1) Opsyon A - Li te geri vit. 2) Opsyon B - Li te kite yon plè.
"Response: 
A) Opsyon A: Li t ap fikse rega li atè, se yon chakay pa genyen peyizan.
B) Opsyon B: Li t ap pale poukont li, se yon kokolel peyizan."
Response: 1. Opsyon A.
Response: 1) Opsyon A. 2) Opsyon B.
Response: 1) Opsyon A (Msye a te pran yon mant). 2) Opsyon B (Li te pè gen movèz alèn).
Response: 1. Opsyon A.
Response: 1. Opsyon A.
Response: 1-A, 2-B, 3-C, 4-D, 5-E.
Response: 1) Opsyon A.
"Response: 
A) Opsyon A - Mwen te pèdi.
B) Opsyon B - Mwen te etale kàt jeografik la."
Response: 1) Opsyon A. 2) Opsyon B.
Response: 1-A, 2-B, 3-C, 4-D, 5-E, 6-F, 7-G, 8-H, 9-I, 10-J.
"Response: 
A) Opsyon A - Li te al wè yon sikyat. 
B) Opsyon B - Li te rete nan kabann pou plizyè jou."
Response: 1) Opsyon A. 2) Opsyon B. 3) Both A and B. 4) Neither A nor B.
Response: 100% d'opsioun A.
Response: 1) Opsyon A - Mwen te frape nan pòt vwazen mwen. 2) Opsyon B - Vwazen m te soti  lakay li.
Response: 1. Opsyon A.
Response: 1. Opsyon A. 2. Opsyon B.
Response: 1) Opsyon A. 2) Opsyon B. 3) Diffèkulté.
Response: 1. Opsyon A.
Response: 1) Opsyon A (Madanm nan te evite ale nan lak la).
Response: 1) Opsyon A.
"Response: 1) Opsyon A; 2) Opsyon B."
Response: 1) Opsyon A.
Response: 1. Opsyon A (Mwen mete lenj mouye a deyò sou liy rad la). 2. Opsyon B (Lenj la te vin sèk).
Response: 1) Opsyon A (Solèy la te klere).
"Response: 
A) Opsyon A: Te souete se te ete, te kontanple syèl lannwit la.
B) Opsyon B: Li te trouve li bèl, te fèt kay pou woujé."
"Response: 1. Opsyon A (Mwen te ale kouche bonè)
Explanation: The correct answer is option A because it better complements the previous sentence ""Mwen te santi m fatigue nèt."" Option B does not make sense in this context and options C and D are not grammatically correct."
Response: 1. Opsyon A (Msye a te ale kay kwafè a).
Response: 1. Opsyon A (Ti gason an te akeyi nouvo kamarad de klase li).
Response: 1) Opsyon A (Mwen t ap manje bonbon).
"Response: 1. Opsyon A (Lapli te koumanse tonbe)
2. Opsyon B (Chofè a te mete machin nan sou bak)"
Response: 1) Opsyon A - Mwen te estasyonen lòt bò lari a. 2) Opsyon B - Mwen te estasyonen bòkot antre a.
"Response: 100% (A) ou 50% (B).""

This is a classic example of a ""forced-choice"" question, where the respondent must choose between two options that are not necessarily mutually exclusive. In this case, option A represents the correct answer, while option B represents a distracting or incorrect response. The goal of the question is to assess the respondent's ability to recognize and differentiate between relevant and irrelevant information in a complex situation.

The answer key for this question would be as follows:

* If the respondent chooses option A, they have correctly identified the most important information in the passage and answered the question accurately.
* If the respondent chooses option B, they have incorrectly identified the most important information in the passage and failed to answer the question accurately."
Response: 1. Opsyon A.
Response: 1. Opsyon A (Van te soufle nan fenèt louvri a). 2. Opsyon B (Rido yo te souke).
Response: 1) Opsyon A.
Response: 1. Opsyon A.
Response: 1) Opsyon A. (kalkilatris) 2) Opsyon B. (bwouye).
Response: 1. Opsyon A.
Response: 1. Opsyon A (Ti gason an te pran chòk).
"Response: 1. Opsyon A (Foto yo soti flou)
2. Opsyon B (Tout moun nan foto yo te refize souri)"
Response: 1) Opsyon A - Mwen te santi m sèl. 2) Opsyon B - Mwen pa t lavil.
Response: 1) Opsyon A (Mwen te fè egzèsis).
Response: 1. Opsyon A.
Response: 10 diteks per zile.
Response: 1-A, 2-B, 3-C, 4-D, 5-E.
Response: 1) Opsyon A - Mwen te vin mefyan. 2) Opsyon B - Mwe rele lapolis.
Response: 1) Opsyon A. 2) Opsyon B.
"Response: 
A) Opsyon A - Li te arete manje sirèt. 
B) Opsyon B - Li te evite kafeyin."
Response: 1. Opsyon A (Fi a te mache sou vègla a). 2. Opsyon B (Li te glise tonbe).
"Response: 
A: Opsyon A, madanm nan te gen sènman sou je li. 
B: Opsyon B, li te met pitit gason li dòmi."
Response: 1. Opsyon A (Lav te koule soti nan volkan an).
Response: 1) Opsyon A. 2) Opsyon B. 3) Neither of them.
"Response: 1. Opsyon A (Mwen te peye asitan peyaj la)
2. Opsyon B (Li te kite m pase nan peyaj la)"
"Response: 
A) Opsyon A, li te vann tout aksyon konpayi li.
B) Opsyon B, li te gaspiye richès li."
Response: 1. Opsyon A (Doktè a te pran konje). 2. Opsyon B (Msye a te santi l mal).
"Response: 1. Opsyon A (kay la te pran dife)
2. Opsyon B (kay la te vid)"
Response: 1-A, 2-B, 3-C, 4-D, 5-E.
"Response: 
A) Opsyon A, mwen te krashe lèt la.
B) Opsyon B, bouch mwen te sèk."
"Response: 1. Opsyon A (Mwen te rate bis la)
2. Opsyon B (Mwen te anreta pou travay)"
Response: 1) Opsyon A (Kamyon an te fè kolizyon ak machin nan). 2) Opsyon B (Machin nan te vin kraze).
Response: 1. Opsyon A.
Response: 1-A, 2-B, 3-C, 4-D, 5-E, 6-F, 7-G, 8-H, 9-I, 10-J.
"Response: 1. Opsyon A.
Explanation: In this dialogue, the speaker is asking for directions to get to a specific location (the ""fenêtre"" or window). The two options given are ""Li te pase nan yon fenèt louvri"" and ""Li te monte jouk sou do-kay la"". Option A suggests passing through the open window, while option B suggests going upstairs to the roof. The correct answer is option A, as it provides the most direct route to the destination."
"Response: 1. Opsyon A (Vizitè a te frape pòt la)
2. Opsyon B (Madanm nan te lonyen nan trou pòt la)"
Response: 1. Opsyon A (Msye a te tashe kostim ni).
Response: 1) Opsyon A (Pat dantifris la te jayi soti tib la). 2) Opsyon B (Fi a te krashe pat dantifris la).
Response: 1. Opsyon A. 2. Opsyon B.
Response: 1. Opsyon A.
"Response: 1. Opsyon A (Msye a te fè chiriji plastik)
2. Opsyon B (Li te vin granmoun)"
Response: 1) Opsyon A. 2) Opsyon B. 3) None of the above.
Response: 1) Opsyon A (Prizonye). 2) Opsyon B (Li te echape).
"Response: 
A) Opsyon A
B) Opsyon B"
Response: 1-A, 2-B, 3-C, 4-D, 5-E.
"Response: 1. Opsyon A (Mwen te mete m alèz)
2. Opsyon B (Mwen te tranble)"
Response: 1. Opsyon A.
Response: 1. Li te rete akote li. 2. Li te renmen li.
Response: 1. Opsyon A.
Response: 1. Opsyon A.
Response: 1) Opsyon A - Msye a te lonje men li ban mwen. 2) Opsyon B - Mwen te souke men li.
Response: 1) Opsyon A - Yo te lanse fedatifis yo nan atmosfè a. 2) Opsyon B - Frisbi a te vole sou tèt mwen.
Response: 1. Opsyon A.
Response: 1. Opsyon A.
Response: 1. Opsyon A.
Response: 1) Opsyon A (Fi a te lage boul kaoutchou a). 2) Opsyon B (Boul la te rebondi).
Response: 100% d'evite pou tout moun.
"Response: 
A) Opsyon A: Advèsè li te atrape pas la. 
B) Opsyon B: Advèsè li te tonbe atè."
Response: 1. Opsyon A.
"Response: 1. Opsyon A (Msye te vle fè yon ti jan romantik)
2. Opsyon B (Li te achte menaj li chokola)"
Response: 1. Opsyon A (Mèki nan tèmomèt la te monte).
Response: 1. Opsyon A (Twati palèdjistis la te vole ale).
Response: 1. Opsyon A.
Response: 1) Opsyon A - Mwen te santi m alez. 2) Opsyon B - Mwen te vlope kò m nan yon lenn.
Response: 1. Opsyon A (Li te vin glise).
Response: 1. Opsyon A (Mwen te ajoute sik nan kafe a). 2. Opsyon B (Kafe a te gen gou sikre).
Response: 1) Opsyon A. 2) Opsyon B.
"Response: 1. Opsyon A (Mwen te frape klou a ak mato a)
2. Opsyon B (Klou a te vi rouye)"
"Response: 1) Opsyon A; 2) Opsyon B."
Response: 1) Opsyon A.
Response: 1) Opsyon A - Mwen te resevwa bon nouvèl.
Response: 1) Opsyon A (Sèvyèt la te mouye).
Response: 1) Opsyon A.
Response: 1. Opsyon A.
"Response: 
A) Opsyon A
B) Opsyon B"
Response: 1. Opsyon A.
Response: 1. Opsyon A.
Response: 1-A, 2-B, 3-C, 4-D, 5-E.
Response: 1-A, 2-B, 3-C, 4-D, 5-E.
Response: 1. Opsyon A (Yo te dekouvri idantite asasen an). 2. Opsyon B (Yo te jwenn Zam nan sou lye yo).
"Response: 1) Opsyon A; 2) Opsyon B."
Response: 1. Opsyon A.
Response: 1. Opsyon A.
"Response: 1) Opsyon A. 
Motivasyon:  Kote kay mwen te woule je m bay zanmi mwen, te gen mwen tet peyizan yo."
"Response: 1. Opsyon A (Machin nan te fini ak gaz la)
2. Opsyon B (Chofè a re bay yon hitchhiker woulib)"
Response: 1) Opsyon A.
Response: 1. Opsyon A (Li te wete chapo li). 2. Opsyon B (Te gen van dyò a).
Response: 1) Opsyon A.
Response: 1. Opsyon A. 2. Opsyon B.
"Response: 
A) Opsyon A, mwen pa gen kay pou olizaj sou.
B) Opsyon B, mwen pa gen kay pou olizaj sou."
Response: 1) Opsyon A.
Response: 1) Opsyon A. 2) Opsyon B. 3) Sa ki pi posib ki te lakòz sa.
Response: 100% d'opsioun A, 50% d'opsioun B.
Response: 1. Opsyon A (Machin nan te krache monnen an).
Response: 1. Opsyon A (Mwen te woule je m.) 2. Opsyon B (Mwen te kwoke li).
Response: 1. Opsyon A (Li te ekri yon fich de dèt)
Response: 1. Opsyon A.
Response: 1) Opsyon A, 2) Opsyon B.
"Response: 
A) Opsyon A : La bibliyotèk la ou ye travayèt kòb li te ale nan bibliyotèk la.
B) Opsyon B : Zetwal yo pou travayèt kòb li te ale nan bibliyotèk la."
"Response: 1) Opsyon A; 2) Opsyon B."
Response: 1. Opsyon A (Achitèk la te monte Bilding nan).
Response: 1. Opsyon A.
"Response: 
A) Opsyon A - Consèy administrasyon an te disoud konpayi a.
B) Opsyon B - Consèy administrasyon an te jwenn yon ranplasan."
Response: 1. Opsyon A.
Response: 1) Opsyon A - Fanmi li te peye kosyon li. 2) Opsyon B - Li te atake yon prizonye tankou li.
Response: 1. Opsyon A.
"Response: 1) Opsyon A (Mwen te kraze bwat Kola a). 
Rason:  Kola is not a good option for me because it contains caffeine and sugar, which can cause negative side effects such as jitteriness, anxiety, and an energy crash later on. Instead, I would prefer to choose a beverage that provides sustained energy without the use of artificial ingredients."
Response: 1. Opsyon A. 2. Opsyon B.
"Response: 1. Opsyon A (Mwen te santi m pi byen)
2. Opsyon B (Mwen te lave vesèl yo)"
Response: 1. Opsyon A.
Response: 1) Opsyon A. 2) Opsyon B.
"Response: 
A) Opsyon A
B) Opsyon B"
Response: 1) Opsyon A (Msye te vle gade solèy la leve).
Response: 1) Opsyon A.
"Response: 1) Opsyon A; 2) Opsyon B."
Response: 1. Opsyon A.
"Response: 
A) Li te prete l bòkote yon zanmi, kosilè ou ye a. 
B) Li te sanse mennen li tounen  nan bibliyotèk la, kosilè ou ye a."
Response: 1) Opsyon A (Yo te mete l nan prizon).
Response: 1. Opsyon A.
Response: 1) Opsyon A (Mwen te tire cheve magouyè a). 2) Opsyon B (Li te vin chòv).
"Response: 
A) Opsyon A, li te trouve maniskri a konvekan. 
B) Opsyon B, li te trouve fraz la pa t klè."
"Response: 1. Opsyon A (Li te rann kont kat la te disparè)
Explanation: The correct answer is option A, which means ""He will run out of credit."" This is the most likely outcome if he doesn't have enough money to pay his bills on time."
Response: 1. Opsyon A (Yo te ale nan kolèj). 2. Opsyon B (Yo te vin marye).
Response: 1) Opsyon A - Mwen te monte volim nan. 2) Opsyon B - Mwen te konpoze pwòp chanson pa m.
"Response: 1. Fi a te degaye li. (Ak Opsyon A)
2. Fi a te tire li. (Ak Opsyon B)"
Response: 1. Opsyon A.
Response: 1) Opsyon A.
"Response: 1) Opsyon A; 2) Opsyon B."
Response: 1) Opsyon A - Fanmi msye a te viv nan mizè. 2) Opsyon B - Li te touche pi ba pase salè minimom nan.
Response: 1. Opsyon A.
"Response: 1. Opsyon A (Penti te gaye toupatou)
Explanation: In this scenario, both options are incorrect because the speaker is not asking for advice on how to deal with someone who has wronged them. Instead, they are expressing frustration and disappointment towards that person's actions. Therefore, option A is not a good response as it does not address the speaker's emotions or concerns. Option B also does not provide a suitable answer as it only offers a vague suggestion without acknowledging the speaker's feelings."
"Response: 
A) Opsyon A
B) Opsyon B"
Response: 1) Opsyon A (Mwen te akeyi li lakay).
Response: 1) Opsyon A - Premye sèn nan pyès la te koumanse. 2) Opsyon B - Aktè nan pyès la te kite sèn nan.
"Response: 1. Otaj la te fè sa kidnapè yo mande. 
2. Kidnapè a te menase yo pral fè otaj yo mal. 
3. Kidnapè a te kite otaj la pou kont li."
Response: 1-A, 2-B, 3-C, 4-D, 5-E.
Response: 1. Opsyon A.
Response: 1. Opsyon A (Li te fèt prematire).
"Response: 1. Opsyon A (Dlo a te vin kontamine)
2. Opsyon B (Rekolt la te peri)"
Response: 1. Opsyon A (Zwazo te vole ale). 2. Opsyon B (Zwazo a te atrape yon vè).
Response: 1. Opsyon A.
"Response: 1. Opsyon A (Patron an te nonmen yon nouvo directeur)
2. Opsyon B (Anplwaye yo te fè grèv)"
Response: 1-A, 2-B.
Response: 1) Opsyon A (Mwen te mache pye atè sou plaj la).
"Response: 1. Opsyon A (Mwen te reveye frèt nan mitan lannwit la.) 
2. Opsyon B (Mwen te bwè yon vè dlo.)"
Response: 1-A, 2-B, 3-C, 4-D, 5-E.
Response: 1. Opsyon A.
Response: 1) Opsyon A - Li te gen yon kari. 2) Opsyon B - Dan li te vin dwat.
"Response: 1. Opsyon A (Mwen te antrene m nan jim nan yè)
2. Opsyon B (Mwen te reveye maten an ak misk k ap fè m mal)"
Response: 1. Opsyon A.
Response: 1) Opsyon A - Deside eseye fè yon so kabrit. 2) Opsyon B - Li te voltije anlè.
"Response: 1. Opsyon A (Biwo lapos la te livre lèt la)
2. Opsyon B (Biwo lapos la te expedye lèt la)"
Response: 1-Ak B.
Response: 1. Opsyon A. 2. Opsyon B. 3. Neither of them.
Response: 1. Opsyon A.
Response: 1. Opsyon A.
Response: 1. Opsyon A (Mwen te pran yon goje kafe chode a) 2. Opsyon B (Mwen te boule lang mwen).
"Response: 
A) Ekriven an te evite patipri nan istwa li. This option will allow you to avoid the hassle of dealing with the insurance company and get back on the road quickly.
B) Ekriven an te manke yon dat limit enpòtan. This option will give you more control over your claim and ensure that you receive the maximum amount possible."
Response: 1) Opsyon A - Mwen te santi m fatigue nèt. 2) Opsyon B - Mwen te etidye tout jounen an.
"Response: 
A) Opsyon A, li te idantifye sentòm malad la.
B) Opsyon B, li te preskri grenn pou malad la."
Response: 1. Opsyon A.
Response: 1. Opsyon A.
Response: 1-A, 2-B.
Response: 1-A, 2-B, 3-C, 4-D, 5-E, 6-F, 7-G, 8-H, 9-I, 10-J.
"Response: 
A) Opsyon A
B) Opsyon B"
Response: 1. Opsyon A (Msye a te arete fimen). 2. Opsyon B (Li te koumanse fè pi plis egzèsis).
"Response: 1. Opsyon A (Madanm nan te bay agresè li yon kout pwen nan nen)
2. Opsyon B (Agresè a te koumanse senyen)"
Response: 1) Opsyon A - Msye a te mal vize. 2) Opsyon B - Msye a t ap pèdi jwèt li.
"Response: 
Opsyon A: Li te dekouvri rat nan anba kay la. Sa a koup lavi, sa a koup peyizaj, sa a koup tout bagay. Li te vlechèt ou ye, li te fèye ou ye, li te tire ou ye. Li te mounte, li te desmonte, li te bouge pasé, li te bouge futur. Li te savvy tout, li te comprenez tout. Li te fère tout, li te façonne tout. Li te gère tout, li te dirige tout. Li te protège tout, li te défende tout. Li te guérit tout, li te soigne tout. Li te nourrit tout, li te hydrate tout. Li te soutient tout, li te crée tout. Li te transforme tout, li te métamorphose tout. Li te transcende tout, li te dépassote tout. Li te surplombe tout, li te domine tout. Li te règne tout, li te maîtrise tout. Li te possède tout, li te contrôle tout. Li te manipulate tout, li te utilise tout. Li te exploite tout, li te manipule tout. Li te opprime tout, li te réprime tout. Li te subjugue tout, li te dominate tout. Li te humilie tout, li te dégrade tout. Li te déconsidérere tout, li te dévalorise tout. Li te discrimine tout, li te stigmatise tout. Li te marginalise tout, li te rejettere tout. Li te isolerait tout, li te coupérait tout. Li te briserait tout, li te broyerait tout. Li te pulvériserait tout, li te reduced à rien. Li te supprimerait tout, li te rayerait tout. Li te blanchirait tout, li te nettoierait tout. Li te purifierait tout, li te rafraîchirait tout. Li te refroidirait tout, li te glacerait tout. Li te congelerait tout, li te geladerait tout. Li te solidifiait tout, li te durcisse tout. Li te huilait tout"
Response: 1. Opsyon A (Mwen te sigjere envite mwen pou nou soti al dine)
"Response: 
Fi a te sezi frè li k ap li jounal pèsonèl li, ou ye a chakay pou la. Li te pran yon nouvo jounal pèsonèl, ou ye a chakay pou la. Dèsôt ki efè ki pi posib, dapre sa nou di a, ou ye a fè yon choix entre opsyon A et B."
"Response: 1) Opsyon A (Madanm nan pa te gen ase lajan pou peye lwaye a). 
Rason: Pou tout koun ou, anpil fèt yo chakole, alez sou yon pote ki genyen lajan pou peye lwaye a. Genyen lajan pou peye lwaye a, genyen lajan pou peye lwaye b, genyen lajan pour peye lwaye c... Alez sou yon pote ki genyen lajan pou peye lwaye a, alez sou yon pote ki genyen lajan pou peye lwaye b, alez sou yon pote ki genyen lajan pour peye lwaye c... Dès que yo touche un pote ki genyen lajan pou peye lwaye a, yo touche un pote ki genyen lajan pou peye lwaye b, et yo touche un pote ki genyen lajan pour peye lwaye c... Yo no kafe pou tout koun ou, anpil fèt yo chakole, alez sou yon pote ki genyen lajan pou peye lwaye a."
Response: 1. Opsyon A.
Response: 100% (kliyan yo)
Response: 1. Opsyon A.
"Response: 
A) Opsyon A, mwen te protege figi mwen.
B) Opsyon B, lenmi mwen te montre m ponyèt li."
Response: 1) Opsyon A: Li te frape ak you kout zeklè. 2) Opsyon B: Moun te vin venere li.
"Response: 1. Opsyon A (Mwen te kite fwi yo sou tab la)
2. Opsyon B (Fwi yo te fè grenn)"
Response: 1-A, 2-B.
Response: 1. Opsyon A. 2. Opsyon B.
"Response: 1. Opsyon A (Mwen te fin kaptive nan liv la)
2. Opsyon B (Mwen te pote liv la tounen)"
Response: 1-A, 2-B.
Response: 1-A, 2-B, 3-C, 4-D, 5-E.
"Response: 1) Opsyon A; 2) Opsyon B."
Response: 1) Opsyon A.
"Response: 1) Opsyon A - Mwen te gen maltèt. 
Rason: Mwen te gen maltèt, se yon reyinyon ki fèk mwen."
Response: 1) Opsyon A - Mèt la te joure ti toutous la. 2) Opsyon B - Mèt la te bay li yon sirèt.
"Response: 
A) Opsyon A - Zanmi m te padone m. 
B) Opsyon B - Zanmi te fin fache nèt."
Response: 1) Opsyon A.
"Response: 
A) Opsyon A: Li te fini bay temwayaj li. 
B) Opsyon B: Li te akize de fo sèman."
Response: 1. Opsyon A (Mdanm nan te tenn cheve li).
Response: 1. Opsyon A (Yo te jwenn travay). 2. Opsyon B (Yo te depòte yo).
"Response: 1) Opsyon A (Asistans la te tonbe ri). 
2) Opsyon B (Asistans la te leve kanpe)."
Response: 1) Opsyon A - Solèy la te avegle m. 2) Opsyon B - Solèy la te bronze po mwen.
Response: 1. Opsyon A (Mwen te rannafle).
Response: 1) Opsyon A.
Response: 1) Opsyon A.
"Response: 
A) Opsyon A - Mwen te mande tèt mwen si li te soti. 
B) Opsyon B - Mwen te deside al wè li."
Response: 1) Opsyon A - Petal yo te sòt tonbe flè a. 2) Opsyon B - Mwen santi odè flè a.
Response: 1-A, 2-B, 3-C, 4-D, 5-E.
Response: 1. Opsyon A. (Elèv la te tèjivèse sou papye a.) 2. Opsyon B. (Li te remèt papye a san fini.)
"Response: 
A) Opsyon A - Mwen te ale nan sant komèsial la. 
B) Opsyon B - Mwen te rele yon mekanik."
"Response: 1) Opsyon A. 
Motivasyon:  Kòr motibo laman pou ou. 
Pwoje w: 480-520-3769."
Response: 1. Opsyon A (Li te ponn ze).
Response: 1) Opsyon A - Garaj la teouvè. 2) Opsyon B - Garaj la teplen.
"Response: 1. Opsyon A (kriminèl la te vize revòlovè)
2. Opsyon B (viktim la te fè olèmen)"
Response: 1) Opsyon A.
Response: 1) Opsyon A. 2) Opsyon B.
Response: 1. Opsyon A.
Response: 1. A. 2. B.
Response: 1) Opsyon A. 2) Opsyon B.
"Response: 
A) Opsyon A te genere lèsòt kòd pou wosèl moun.
B) Opsyon B te genere lèsòt kòd pou wosèl moun."
Response: 1. Opsyon A (Li te make paj la). 2. Opsyon B (Li te liv la ankò).
Response: 1. Opsyon A (Msye a te mare senti sekirite li pi fò).
Response: 1-A, 2-B.
Response: 1. Opsyon A (Doktè yo te bay malad la yon apparèy pwotès)
Response: 1) Opsyon A (Li te ose zepòl li). 2) Opsyon B (Li te vit rekile bra li).
"Response: 1) Opsyon A - Mwen te apresye opinin li. 
Rason:  Li te gen reazon pou mwen te fèk lavi."
Response: 1. Opsyon A (Labou a te cole sou soulye li).
Response: 1) Opsyon A - Yo fè moun ki genn lòt nan peyizaj. 2) Opsyon B - Yo fè moun ki genn lòt nan peyizaj, ale jwen sou chakay.
Response: 1. Opsyon A.
Response: 1. Opsyon A.
"Response: 
A) Opsyon A, mwen te pile bwa a nan chemine an. 
B) Opsyon B, mwen te bay bwa a yon sèl kout machèt."
Response: 1) Opsyon A. 2) Opsyon B. 3) Sawa.
Response: 1. Li te renmen li. 2. Li te anbrase li.
Response: 1) Opsyon A - Mwen te bouye.
Response: 1. Opsyon A.
"Response: 1) Opsyon A; 2) Opsyon B."
Response: 1) Opsyon A.
Response: 1) Opsyon A.
Response: 1. Opsyon A (Flam yo te etenn). 2. Opsyon B (Lafimen te leve nan flam dife a).
Response: 1. Opsyon A.
Response: 1) Opsyon A - Mwen te prepare manje maten an. 2) Opsyon B - Mwen te rate manje maten an.
"Response: 
A) Opsyon A
B) Opsyon B"
Response: 1) Opsyon A (Benwa dlo a te vin tièd).
"Response: 
A) Opsyon A - I am interested in the field of medicine and would like to specialize in cardiology.
B) Opsyon B - I am interested in the field of psychology and would like to specialize in counseling."
Response: 1) Opsyon A. 2) Opsyon B.
Response: 1. Opsyon A (Ti gason te kouri ale). 2. Opsyon B (Ti gason an te keyi yon flè).
Response: 1) Opsyon A - Li te kondane a sèvis kominotè. 2) Opsyon B - Li te kondane amò.
Response: 1) Opsyon A - Te a te bay vapè. 2) Opsyon B - Sik la te fonn.
Response: 1-A, 2-B, 3-C, 4-D, 5-E.
"Response: 1. Opsyon A (Lapolis la te sove ale lapolis)
2. Opsyon B (Lapolis la te chase kriminèl la)"
Response: 1-A, 2-B.
Response: 1) Opsyon A. 2) Opsyon B.
Response: 1) Opsyon A.
Response: 1. Opsyon A.
Response: 1) Opsyon A.
Response: 1) Opsyon A - Pyès lajan a te koule desann nan fontèn dlo a. 2) Opsyon B - Pyès lajan an te kase an de.
Response: 1) Opsyon A - Bal la te rantre nan trou a. 2) Opsyon B - Bal la te fè bak vè jwè a.
Response: 1) Opsyon A - Mwen te respire pousyè nan grenye a. 2) Opsyon B - Mwen te etènye.
Response: 1) Opsyon A.
"Response: 1. Opsyon A - Fatra a te fè kwizin nan santi move. (Mwen te met fatra a deyò.)
2. Opsyon B - Mwen te voye jete lis pou provizyon yo pa megad. (Fatras anpil, mwen te voye jete lis pou provizyon yo pa megad.)"
Response: 1. Fanmi a te ale nan zoo a. 2. Timoun yo te renmen zannimo yo.
Response: 1. Opsyon A.
"Response: 
Mwen te gen yon biyè an plis pour konsè a. Opsyon A genyen pwoblem pou dirèkòn lokal la. Li te vle ale, mwen te mande zanmi m si li te vle ale. Ki efè ki pi posib, dapre sa nou di a? Chwazi ant opsyon A ak B."
Response: 1. Opsyon A - Mwen te sòti kèk lèn. 2. Opsyon B - Mwen te louvri fenèt yo.
Response: 1. Opsyon A.
Response: 1) Opsyon A.
Response: 1. Opsyon A.
"Response: 
A) Opsyon A (Flam la te etenn). 
B) Opsyon B (Alimèt la te fè yon flam)."
Response: 1. Opsyon A.
Response: 1. Opsyon A.
Response: 1. Opsyon A.
Response: 1) Opsyon A (Lii te vin dezidrate).
Response: 1-A, 2-B, 3-C, 4-D, 5-E.
Response: 1) Opsyon A (Sitron an te vin mwazi). 2) Opsyon B (Sitron an te jikle ji).
Response: 1) Opsyon A (Peyi a te dekouvè yon tè nouvèl). 2) Opsyon B (Peyi a te kolonize tè a).
Response: 1. Opsyon A.
Response: 1-A, 2-B.
"Response: 1. Opsyon A (Papa a te jwenn pitit gason li ap manti)
2. Opsyon B (Papa a te gen konfians nan pitit gason li)"
"Response: 
Ak B."
Response: 1-A, 2-B, 3-neither A nor B, 4-both A and B.
Response: 15-20 minut.
Response: 1) Opsyon A.
Response: 1) Opsyon A. 2) Opsyon B. 3) Diffrents.
Response: 1) Opsyon A. 2) Opsyon B.
Response: 1. Opsyon A.
Response: 1. Opsyon A. 2. Opsyon B. 3. Ni dwa kay.
"Response: 1) Opsyon A; 2) Opsyon B."
Response: 1-A, 2-B.
Response: 1) Opsyon A (Balon an te degonfle).
Response: 1) Opsyon A.
Response: 1) Opsyon A. 2) Opsyon B. 3) Neither of them.
"Response: 1) Opsyon A (Siveyan an te plonje apre li). 
Rason: Pou yon plonje apre li, gen yon kokenn plonjon nan pisin la. Gen yon pou yon plonje apre li, gen yon pou yon plonje aprecet."
Response: 1. Opsyon A (Enfeksyon mwen te geri).
Response: 1. Opsyon A (Chofè a te met fren a).
Response: 1. Opsyon A.
Response: 1-A, 2-B.
Response: 1. Opsyon A.
Response: 1. Opsyon A.
Response: 1) Opsyon A (Mwen te santi kè m ap bat).
Response: 1. Opsyon A.
Response: 1. Opsyon A (Fanmi a te invite vwazen yo pour diner).
Response: 1. A.
"Response: 1) Opsyon A - Mwen te valé yon grenn pa aksidan. 
2) Opsyon B - Mwen te kase dan mwen pa aksidan."
Response: 1) Opsyon A. 2) Opsyon B.
Response: 1) Opsyon A. 2) Opsyon B.
Response: 1) Opsyon A - Mwen te bwè tout dlo ladann. 2) Opsyon B - Mwen te kenbe l nan frigidè a.
Response: 1) Opsyon A.
Response: 1-Ak Bato a te kraze. 2-Ekip la te nwaye. 3-Ekip la te bare ak pirat.
Response: 1) Opsyon A.
Response: 1-A (Msye a te depoze telefòn nan). 2-B (Msye a te reponn telefòn nan).
Response: 1) Opsyon A - Mwen te kroke li. 2) Opsyon B - Mwen te santi m enkòmode.
Response: 1-A, 2-B, 3-C, 4-D, 5-E.
"Response: 1) Opsyon A; 2) Opsyon B."
"Response: 
A) Opsyon A: Mwen te met lè nan kaoutchou a.
B) Opsyon B: Mwen te chaje vitès bisiklèt la."
Response: 1. Opsyon A (Fi a te sanble pal). 2. Opsyon B (Papa l te li li yon istwa).
"Response: 1) Opsyon A; 2) Opsyon B."
"Response: 1) Opsyon A. 
Motivasyon: Kòd moun ki gen l'opportunitè d'investir en un biais ki gen l'opportunitè d'investir en un biais ki gen l'opportunitè d'investir en un biais ki gen l'opportunitè d'investir en un biais ki gen l'opportunitè d'investir en un biais ki gen l'opportunitè d'investir en un biais ki gen l'opportunitè d'investir en un biais ki gen l'opportunitè d'investir en un biais ki gen l'opportunitè d'investir en un biais ki gen l'opportunitè d'investir en un biais ki gen l'opportunitè d'investir en un biais ki gen l'opportunitè d'investir en un biais ki gen l'opportunitè d'investir en un biais ki gen l'opportunitè d'investir en un biais ki gen l'opportunitè d'investir en un biais ki gen l'opportunitè d'investir en un biais ki gen l'opportunitè d'investir en un biais ki gen l'opportunitè d'investir en un biais ki gen l'opportunitè d'investir en un biais ki gen l'opportunitè d'investir en un biais ki gen l'opportunitè d'investir en un biais ki gen l'opportunitè d'investir en un biais ki gen l'opportunitè d'investir en un biais ki gen l'opportunitè d'investir en un biais ki gen l'opportunitè d'investir en un biais ki gen l'opportunitè d'investir en un biais ki gen l'opportunitè d'in"
"Response: 
A) Opsyon A, fi a te rete lakay li e pat al lekòl.
B) Opsyon B, li te gen saranpyonl."
Response: 1. Opsyon A (Mwen te pote l nan boko fatra a). 2. Opsyon B (Mwen te jete l nan lavabo a).
Response: 1) Opsyon A - Mwen te pase aspiratè a sou tapi a. 2) Opsyon B - Shen mwen te kite pwal li tonbe.
Response: 1) Opsyon A (Msye a tè pèdi sanfwa li).
"Response: 1) Opsyon A; 2) Opsyon B."
Response: 1) Opsyon A - Dlo cho a te fini. 2) Opsyon B - Li pat ka jwenn yon sèvyèt.
Response: 1. Opsyon A. 2. Opsyon B.
"Response: 1. Opsyon A (Soulye yo te vin pi lach)
2. Opsyon B (Soulye yo te vin chire)"
Response: 1. Opsyon A (Msye te manje mwatye nan antre a).
Response: 1) Opsyon A - Mwen te met glas sou li. 2) Opsyon B - Mwen te fwote losyon sou li.
"Response: 
A) Opsyon A: Mwen te pale ak kolèg mwen bòkot biwo mwen. 
B) Opsyon B: Mwen te tande konvèsasyon nan koridò la."
Response: 1) Opsyon A. 2) Opsyon B.
Response: 1) Opsyon A (Mouch la te vole ale). 2) Opsyon B (Mouch la te rete dousman).
Response: 1-A, 2-B, 3-C, 4-D, 5-E.
Response: 1. Opsyon A (Li ale pi vit).
Response: 1) Opsyon A - Mwen te mande konsèy. 2) Opsyon B - Mwen te jwenn yon solisyon.
Response: 1) Opsyon A (Vwayajè a te mache sou pon sispandi a). 2) Opsyon B (Li te santi l anlè nèt).
Response: 1) Opsyon A - Li te rankontre ak zanmi li pou gade match la. 2) Opsyon B - Li te fè yon pari a zanmi li.
Response: 1. Opsyon A (Li te mete revey la).
