premise;question;choice1;choice2;label
ཅ་དངོས་དེ་བུམ་བུམ་ནང་བཀབ་ཡོད། ;cause;ཧ་ཅང་ཉམས་ཞན་རེད། ;ཆུང་ཆུང་ཞིག་རེད། ;0
ངས་སྒམ་པ་ཚང་མ་ཕྱེ་མ་སོང་། ;effect;ངས་སྒོར་ཤོག་གི་ཤོག་བུའི་ཤོག་བུའི་ཤོག་བུའི་ཤོག་བུའི་ཤོག་བུའི་ཤོག་བུའི་ཤོག་བུའི་ཤོག་བུའི་ཤོག་བུའི་ཤོག་བུའི་ཤོག་བུའི་ཤོག་བུའི་ཤོག་བུའི་ཤོག་བུའི་ཤོག་བུའི་ཤོག་བུའི་ཤོག་བུའི་ཤོག་བུའི་ཤོག་བུའི་ཤོག་བུའི་ཤོག་བུའི་ཤོག་བུའི་ཤོག་བུའི་ཤོག་བུའི་ཤོག་བུའི་ཤོག་བུའི་ཤོག་བུའི་ཤོག་བུའི་ཤོག་བུའི་ཤོག་བུའི་ཤོག་བུའི་ ;ངས་མཚོན་ཆ་ཞིག་རྙེད་བྱུང་། ;0
ཁང་པའི་ནང་ཚལ་འབུ་རྣམས་འཛུལ་སོང་། ;effect;ཁང་པའི་ནང་ཚལ་འབུ་རྣམས་ཡལ་སོང་། ;འབུ་སྲིན་རྣམས་ཀྱིས་ཁང་པའི་ཤིང་སྡོང་ཟས་སོ། ;1
འགྲུལ་པ་རྣམས་ས་མཚམས་སུ་སླེབས་པ་རེད། ;effect;བསྐོར་བའི་ལས་བྱེད་པས་ཁོ་ཚོའི་འགྲུལ་བྱང་ལ་ཞིབ་བཤེར་བྱས་འདུག ;བསྐོར་བའི་ལས་བྱེད་པས་ཁོང་ཚོར་ནག་ཚོང་གི་ཉེས་འཛུགས་བྱས་འདུག ;0
ཡིག་ཚང་སྒོ་རྒྱབ་པ་རེད། ;cause;ཉིན་དེ་ནི་ངལ་གསོའི་ཉིན་མོ་ཞིག་རེད། ;དེ་ནི་དབྱར་དུས་རེད། ;0
བུ་མོ་དེའི་ནུས་ཤུགས་རྫོགས་པ་རེད། ;cause;མོ་ནི་རྡ་སར་རྩེད་མོ་རྩེད་ཀྱི་རེད། ;མོ་ཐག་པས་མཆོངས་སོང་། ;1
བུད་མེད་དེ་སྒོའི་ནང་རང་གི་གོ་ས་ཤོར་སོང་། ;cause;མི་གྲངས་མང་བ་ཞིག་གྲལ་རིམ་དུ་ཞུགས་སོ། ;མོ་ནི་གྲལ་རིམ་ནས་ཕྱིར་ཐོན་པ་རེད། ;1
བུ་མོ་དེས་རང་གི་སྣ་ལ་སོག་ས་འདུག ;cause;བུ་ཆུང་དེའི་ཁ་ནས་ཆུ་འབུར་བ་ཐོན། ;ཕྲུ་གུ་གིས་མོའི་ diaper ལ་བཙོག་པ་རེད། ;1
གླུ་གཞས་སྡེ་ཚན་གྱིས་གླུ་གཞས་གྲགས་ཅན་ཞིག་བརྩམས་པ་རེད། ;effect;མི་ཚོགས་ཀྱང་གླུ་གཞས་ལ་མཉམ་ཞུགས་བྱས་པས། ;མི་ཚོགས་ཀྱིས་ཁུ་སིམ་མེར་ཉན་བཞིན་ཡོད། ;0
བུ་མོ་དེས་དགེ་རྒན་ལ་ཐུགས་རྗེ་ཆེ་ཞུ་འདོད་འདུག ;effect;བུ་མོ་དེ་སློབ་གྲྭའི་རྗེས་ལ་ཁྲིམས་ཐག་བཅད་སྐབས་བསྡད་འདུག ;བུ་མོ་དེས་དགེ་རྒན་ལ་ཀུ་ཤུ་ཞིག་འཁྱེར་ཡོང་ངོ་། ;1
གཞོན་ནུ་ཚོ་འཇིགས་པ་འདུག ;cause;ཁོང་ཚོའི་སྒར་སའི་སློབ་སྟོན་པ་ཞིག་གིས་ཁོང་ཚོར་རྣམ་ཤེས་ཀྱི་གཏམ་ཞིག་བཤད་བྱུང་། ;ཁོང་ཚོས་མེ་ལྕེའི་སྟེང་ལ་མེ་རེཤ་མལ་ལོ (marshmallows) ཤ་བསྲེས་པ་རེད། ;0
མི་དེས་མགོ་ལ་རྡུང་འདུག ;effect;ཁོ་ནི་བསམ་བློ་གཏོང་བཞིན་བསྡད་འདུག ;ཁོ་ལ་མགོ་འཐོམས་པ་བྱུང་འདུག ;1
ངས་བྲིས་པའི་ལག་དེབ་དེ་དངུལ་མེད་པས། ;cause;ངའི་དངུལ་ཁང་གི་རྩིས་ཁྲ་སྟོང་འདུག ;ངས་གླ་ཆའི་ཡར་སེང་ཐོབ་ཡོད། ;0
མི་དེའི་གློག་འཕྲིན་ནང་ spam ཡི་གང་འདུག ;effect;ཁོང་གིས་དྲ་རྒྱའི་འཕྲིན་སྣོད་སེལ་བ་རེད། ;ཁོང་གིས་གློག་འཕྲིན་མང་ཚོགས་ཞིག་བཏང་། ;0
གྲུ་པ་དེ་ལ་སོ་སོར་བཞག་ནས་བཞག་ཡོད། ;cause;ཁོང་ནད་ཡམས་དེ་ལ་འཕྲོད་བསྟེན་བྱས་ཡོད། ;ཁོང་ནད་ལས་དྲག་སོང་ཡོད། ;0
བུ་མོ་དེས་ཡིག་རྒྱུན་དེ་དྲན་གསོས་བྱས་ཡོད། ;cause;མོ་རང་གིས་རང་ལ་བཤད་དོ། ;མོ་གིས་དེ་བྲིས་རྒྱུ་བརྗེད་སོང་། ;0
ངས་ཆུ་དེ་ཕོར་པའི་ནང་དུ་བླུགས་པ་ཡིན། ;effect;ཆུ་དེས་ངའི་སྐོམ་པ་སེལ་བར་བྱས་པ་ཡིན། ;སྐར་ཁུང་ཡོངས་སུ་ཁེངས་སོང་། ;1
མི་དེས་རང་གི་གྲོགས་པོ་ཤོད་ཟིན་རྗེས་ཁ་རོག་བསྡད་དོ། ;cause;ཁོང་རང་གི་གྲོགས་པོ་ལ་རོགས་རམ་བྱེད་འདོད་འདུག ;ཁོང་རང་གི་གྲོགས་པོ་དེའི་གསུང་ལ་བསམ་བློ་གཏོང་གི་འདུག ;1
རྐྱེན་ངན་དེ་ནི་ངའི་ཉེས་སྐྱོན་རེད། ;effect;ངས་རང་ཉིད་ཉེས་ཅན་ཞིག་རེད་སྙམ་བྱུང་། ;ངས་ཁྲིམས་གཏུགས་བྱས་པ་ཡིན། ;0
ལྕགས་ཐག་ཁ་ཐོར་སོང་། ;cause;ལྕགས་སྒྲོག་དེ་འཁོར་ལོ་ཞིག་གི་ནང་སྒྲིལ་ཡོད། ;འབྲེལ་ལམ་གྱི་ཐག་པ་གཅིག་ཁ་བྲལ་སོང་། ;1
ཁོང་གཉིས་གྲོས་མོལ་བྱེད་རྒྱུའི་ཐག་བཅད་པ་རེད། ;cause;ཁོང་གཉིས་རྩོད་གླེང་བྱས་ནས་ཡིད་ཐང་ཆད་པ་རེད། ;ཁོང་ཚོས་དཀའ་ངལ་དེའི་སྐོར་གླེང་མོལ་མ་བྱས་པ་ཡིན། ;0
བུད་མེད་དེས་གཞུང་གི་ལས་ཁུངས་སུ་འོས་འདེམས་བྱེད་རྒྱུ་ཐག་བཅད་འདུག ;effect;མོ་ཡིས་གོམ་སྤེལ་ལས་འགུལ་གྱི་འགོ་འཛིན་ཞིག་གླས་པ་ཡིན། ;མོ་ཁྲིམས་ཁང་དུ་དཔང་པོ་བྱས། ;0
མི་དེས་རང་གི་འགྲུལ་བཞུད་སྐབས་གནམ་གཤིས་གྲང་མོ་ཡོང་ངེས་རེད་བསམས་འདུག ;effect;ཁོང་རང་གི་ཁལ་ཁོག་ནང་གོས་དྲོ་པོ་ཁག་བཅིངས་ཡོད། ;ཁོང་ཉིད་ཁུར་ཁུག་ཆེན་པོ་ཞིག་འཁྱེར་ནས་ཕེབས་པ་རེད། ;0
སློབ་ཕྲུག་གིས་དྲི་བ་དེའི་ལན་ཤེས་པ་རེད། ;effect;ཁོང་གིས་ཕྱག་ཡར་བཏེགས་པ་རེད། ;ཁོ་ལ་གླེན་པའི་སེམས་སྐྱོ་བྱུང་། ;0
མི་དེའི་མིག་ཆུ་འབུར་སོང་། ;cause;མིག་ལ་རྡུལ་འཐུལ་སོང་། ;ཁོང་རང་གི་མིག་ལ་མིག་ལོང་བཀབ་པ་རེད། ;0
རྩེད་འགྲན་པ་དེས་རྩེད་འགྲན་ལྔ་རྩེད་འགྲན་བྱས་ཏེ་རྒྱལ་རབས། ;effect;མོ་ལ་ངོ་རྒོལ་བྱེད་མཁན་གྱིས་མོ་ལ་གཡོ་སྒྱུ་བྱེད་ཅེས་སྐྱོན་བརྗོད་བྱས་འདུག ;མོ་ལ་ངོ་རྒོལ་བྱེད་མཁན་གྱིས་མོ་ལ་སྙིང་རྗེ་བསྐྱེད་དོ། ;0
སློབ་དཔོན་གྱིས་སློབ་ཕྲུག་གི་བརྟག་དཔྱད་དེ་དུམ་བུར་བཅགས་སོ། ;cause;ཁོ་ཡིས་སློབ་ཕྲུག་དེ་ལྐོག་ཟ་བྱེད་དུ་བཟུང་། ;སློབ་ཕྲུག་གི་ལན་དེ་ནོར་འཁྲུལ་རེད། ;0
ངས་ཁ་གཏད་བྱེད་རྒྱུ་མཚམས་འཇོག་བྱས་པ་ཡིན། ;cause;ངའི་སྐད་སྒྲ་རླག་སོང་། ;ངས་དབུགས་ཆད་སོང་། ;1
ཟས་ཁམ་པ་འཁྱགས་པས་གྲོལ་སོང་། ;cause;ངས་དེ་ལ་མེ་ཏོག་ནང་དུ་བླུགས་པ་ཡིན། ;ངས་དེ་ལིས་ཊིག་བུམ་པ་བཀབ་པ་ཡིན། ;0
ལས་བྱེད་པས་ནད་ཀྱི་རྣམ་པ་བཟོ་བ། ;cause;ཁོ་ལ་ཁོག་པ་ན་བའི་ནད་བྱུང་འདུག ;ཁོ་ལ་ཉིན་གཅིག་ངལ་གསོ་དགོས་པ་རེད། ;1
བུ་མོ་ཆུ་ལ་ལྷུང་སོང་། ;cause;མོ་ནི་ཆུ་ཐོག་གི་གྲུ་ལ་རྒྱུག་སོང་། ;མོ་ནི་ཆུ་ལ་འཕུར་བའི་གྲུ་ནས་འཕུར་སོང་། ;1
གློག་བརྙན་གི་སྒོར་ཤོག་ཆ་ཚང་བཙོང་ཟིན་འདུག ;cause;གློག་བརྙན་དེའི་ཉིན་དང་པོ་རེད། ;གློག་བརྙན་ལ་དཔྱད་ཞིབ་མི་ལེགས་པ་ཐོབ་འདུག ;0
མི་དེས་ཁལ་རླངས་བཏང་། ;effect;མི་རྣམས་ཀྱིས་ཁོང་རང་སོ་སོར་དབྱེ་འབྱེད་བྱས་པ་ཡིན། ;མི་རྣམས་ཀྱིས་ཁོང་ལ་བསྟོད་བསྔགས་ཕུལ་ལོ། ;1
བུ་མོའི་ལག་པར་རྨ་ཁ་ཆགས་པ་རེད། ;cause;ཁོ་མོས་ཡི་གེ་ཞིག་བྲིས་པ་རེད། ;མོ་ཐག་པ་ཞིག་ལ་འཛེགས་སོང་། ;1
སེར་ཀེའི་འཁྲབ་སྟོན་པ་དེས་འཁོར་ལོ་གཅིག་ལ་བཞོན་ནས་འཁྲབ་སྟོན་བྱས་འདུག ;effect;མི་ཚོགས་ཧ་ལས་ནས་དགའ་བསུ་ཞུས་སོ། ;མགར་རྩེད་པ་ཞིག་གིས་གློག་དབྱངས་ཀྱི་གློག་དབྱངས་ཞིག་ནས་གློག་དབྱངས་ཀྱི་གློག་དབྱངས་ཤིག་ལ་གློག་དབྱངས་གཏོང་གི་འདུག ;0
ངའི་བཟོད་བསྲན་ཉམས་སོང་། ;cause;ངའི་གྲོགས་པོས་ང་ལ་སྒུག་བཅུག་པ་ཡིན། ;ངའི་གྲོགས་པོ་དུས་ཚོད་ལ་སླེབས་སོང་། ;0
དམག་འཁྲུག་ཅན་གྱི་རྒྱལ་ཁབ་ཁག་གིས་ཞི་བདེ་དགོས་པ་རེད། ;effect;ཁོང་ཚོས་རྡུལ་ཕྲན་མཚོན་ཆ་བཟོ་སྐྲུན་བྱས་ཡོད། ;ཁོང་གཉིས་ཀྱིས་གྲོས་མོལ་ཞིག་བྱས་པ་ཡིན། ;1
མི་དེས་གཉིད་ལ་དུག་པའི་སྨན་ཞིག་བཞེས་འདུག ;effect;ཁོང་ཉིད་ཁུག་པ་ཆགས་པ་རེད། ;ཁོང་ལ་ཚ་བ་ལངས་པ་རེད། ;0
བུད་མེད་དེས་སོག་པུར་རྡེག་སོང་། ;effect;ཉལ་ཁྲི་གི་རྐང་པ་འཐེན་སོང་། ;མོ་ལ་པུས་མོ་རྨས་སོང་། ;1
བུ་དེས་རླུང་གིས་འཕུར་བའི་རླུང་ཁུག་དེ་བཙུགས། ;effect;གློག་ཀླད་ཀྱི་མེ་ཏོག ;གློག་ཀླད་འཕུར་ཕྱིན་སོང་། ;0
ཁོང་ཚོས་མགྲོན་ཁང་གི་ཁང་མིག་ནང་དུ་བསྡོད་ཀྱི་ཡོད། ;effect;ཁོང་ཚོས་རང་གི་སྒམ་ཁོག་བཀྲོལ་སོང་། ;ཁོང་ཚོ་གནམ་ཐང་དུ་ཕྱིན་པ་རེད། ;0
ངས་པི་ཤུའི་ནང་ལ་སོ་བཏབ་པ་ཡིན། ;effect;པི་ཤུའི་རྨ་སྐྱོན་བྱུང་། ;རྒུན་ཆང་རླངས་སོང་། ;1
ངའི་ལག་པ་ཁ་དོག་ཆགས་སོང་། ;cause;ངས་ཌོ་ནཊ་ཟོས་པ་ཡིན། ;ངས་ཁ་བ་མངར་མོ་ཞིག་ཟ་གི་ཡོད། ;0
ངས་སྒོ་ཕྱེས་པ་ཡིན། ;effect;སྒོ་ཁ་ཕྱེ་སོང་། ;སྒོ་རྒྱབ་འདུག ;0
ལས་འགུལ་བ་ཚོས་ཐོན་སྐྱེད་བཀག་ཉར་བྱས་པ། ;cause;ཚོད་ལྟ་བྱས་ནས་དངོས་རིགས་ཀྱི་གནས་ཚད་ལ་བརྟག་དཔྱད་བྱས་ཡོད། ;ཚོད་བསྲེ་རིགས་དེ་དག་ནི་ཕྲུ་གུ་ཚོས་ལས་ཀ་བྱེད་ནས་བཟོས་པ་ཡིན། ;1
ངས་རྩིག་པར་སྒལ་པ་ཞིག་བྲུས་པ་ཡིན། ;effect;ཙི་ཙི་ཞིག་བྲག་ཕུག་ནས་ཐོན་སོང་། ;བྱེད་སྒོའི་ནང་རྡུལ་ཐོན་སོང་། ;1
བུད་མེད་དེས་རང་གི་སྲིང་མོ་ལ་ཕྲག་དོག་བྱེད་པ་རེད། ;cause;ཁོང་མོའི་སྲིང་མོ་དགའ་སྐྱིད་ལྡན་པ་རེད། ;ཨ་ཅས་ཁ་བྲལ་སོང་། ;0
ངས་ཆང་གི་ཁུ་བ་ངའི་གྱོན་གོས་ལ་བླུགས་པ་ཡིན། ;effect;ངས་སྒ་རས་གྱོན་པ་ཡིན། ;ངས་གོས་བརྗེ་སོར་བྱས་པ་ཡིན། ;1
དངུལ་ཁང་གི་ལས་བྱེད་པས་དངུལ་ཁང་གི་སྒོ་བརྒྱབ་པ་རེད། ;cause;ཚོང་པ་དེས་རང་གི་དངུལ་ཁུག་ལ་བརྟག་དཔྱད་བྱས་པ་ཡིན། ;མགྲོན་པོ་དེས་མོ་ལ་དངུལ་སྤྲད་དོ། ;1
ལམ་གྱི་རོལ་དབྱངས་མཁན་དེས་མི་ཚོགས་ཤིག་ལ་རེག་པ་བྱས། ;effect;མི་ཚོས་ཁོ་ལ་དངུལ་ཆུང་སྤྲོད་ཀྱི་ཡོད། ;ཁོང་གིས་མི་ཚོགས་ཕྱིར་བཏང་ངོ་། ;0
བུ་ཆུང་ངུ་ཞིག་རང་གི་ཕྲུ་གུའི་ལྟ་སྐྱོང་པ་ལ་ངུ་བཞིན་འདུག ;cause;ཁོང་རང་གི་ཕ་མ་གཉིས་ཡིད་འཕྲོག་པ་རེད། ;ཟས་ཟ་བའི་དུས་ལ་བསླེབས་སོང་། ;0
གནམ་གྲུ་གི་དེད་དཔོན་གྱིས་རླུང་འཚུབ་ཞིག་མཐོང་འདུག ;effect;གནམ་གྲུ་དཔོན་གྱིས་རླུང་འཚུབ་ལས་ཐག་རིང་བར་གྲུ་གཟིངས་བསྐྱོད་པ་རེད། ;གནམ་གྲུ་གི་དེད་དཔོན་གྱིས་རླུང་འཚུབ་བརྒྱུད་དེ་འཕུར་སོང་། ;0
ཤིང་སྡོང་གི་ལོ་མ་ཕུད་སོང་། ;effect;ཤོག་ལེབ་ཚོས་ཚོས་པ་བསྒྱུར་བ་རེད། ;ཤོག་ལེབ་རྣམས་ས་ལ་སྤུངས་ནས་ཡོད། ;1
བུ་དེ་སེམས་ཁྲལ་ཅན་ཞིག་རེད། ;effect;ཁོང་རང་གི་སྲིང་མོ་དང་ལག་གི་རྩེད་འགྲན་ཞིག་རྩེད་རྒྱུའི་ཐག་བཅད་པ་རེད། ;ཁོང་རང་གི་སྲིང་མོ་ལ་གད་མོ་ཞིག་བཟོ་རྒྱུའི་ཐག་བཅད་པ་རེད། ;1
བུ་ཆུང་གིས་ཁལ་ཁང་དུ་འགྲོ་དགོས་བྱུང་ཞེས་སྐྱོན་བརྗོད་བྱས་འདུག ;effect;ཕ་ཡིས་ཁོ་ལ་ཆུ་འཐུང་ཆེད་ཆུ་འཐུང་སྟངས། ;ཁོང་རང་གི་ཕ་ཡིས་སྣུམ་འཁོར་ལ་སྣུམ་འཁོར་ཁང་དུ་བཀག་པ་རེད། ;1
བུ་ཆུང་གིས་ཉ་ཟས་ཆུ་མཛོད་ནང་གཏོར་སོང་། ;effect;ཉ་དེ་ཆུ་མཛོད་ནས་མཆོངས་སོང་། ;ཉ་དེ་ཟས་ཀྱི་ཕྱོགས་སུ་འཁྱིལ། ;1
བུད་མེད་ཀྱི་སྲིད་དོན་གྱི་ལྟ་ཚུལ་བསྒྱུར་བ་རེད། ;effect;མོ་ནི་སྲིད་དོན་ཚོགས་པ་གཞན་ཞིག་དང་འབྲེལ་བ་བྱེད་རྒྱུ་རེད། ;མོ་རང་ངོ་རྒོལ་བྱེད་སར་ཞུགས་པ་རེད། ;0
ཁྲུས་ཁང་གི་ཆུ་མཛོད་ནི་སྦ་འདུག ;effect;ངས་ཆུ་སྣོད་ཁ་ཕྱེས་པ་ཡིན། ;ངས་ཆུ་གཙང་མ་ཞིག་བླུགས་པ་ཡིན། ;1
འགྲུལ་པ་རྣམས་ཆུའི་སྟེང་ནས་མར་བབས་པ་རེད། ;cause;ལྕགས་ཟམ་དེ་ས་གནས་སུ་སླེབས་སོང་། ;ལྕགས་འཁོར་གྱིས་འུར་སྒྲ་འབུད་སོང་། ;0
མི་དེས་ཤོག་སྒྲིལ་གྱི་ཁ་ཕྱེས་ཁོག་པ་ཁ་དོག་ལ་ཨེབ་འདུག ;effect;ཁོང་གིས་ཤོག་སྒྲིལ་ལ་ཐེམ་སྐས་ཤིག་བརྒྱབ་པ་རེད། ;ཁོང་གིས་ཤོག་སྒྲིལ་དེ་རྒྱབ་པ་རེད། ;1
གྲོགས་པོ་རྣམས་ཕན་ཚུན་བར་ལ་འབྲེལ་བ་མེད་པར་གྱུར་པ་རེད། ;cause;ཁོང་གཉིས་ཕན་ཚུན་མཉམ་གནས་པར་དགའ་བ་རེད། ;ཁོང་ཚོ་གྲོང་ཁྱེར་སོ་སོར་གནས་སྤོས་བྱས་པ་ཡིན། ;1
རྩིས་འཛིན་པ་དེས་ལས་སྡེའི་དངུལ་གྱི་འཛིན་སྐྱོང་ནོར་འཁྲུལ་བྱས་འདུག ;effect;མོ་ལས་ཀ་ནས་གློད་གྲོལ་བཏང་། ;མོ་ནི་སྐྱེ་གཡོག་གི་ངལ་གསོ་དུ་ཕྱིན་པ་རེད། ;0
ངས་ཆུ་ཚོད་ལ་བལྟས་པ་ཡིན། ;cause;ཆུ་ཚོད་འགོར་བ་ཐོས་བྱུང་། ;ངས་དུས་ཚོད་བལྟ་འདོད་བྱུང་། ;1
ངའི་ལག་པ་འཐེབ་སོང་། ;cause;ངས་རྩོམ་ཡིག་དེ་ལག་གིས་བྲིས་པ་ཡིན། ;ང་དང་ངའི་ཆུང་མ་ལག་པར་ལག་པར་བསྡད། ;0
བག་ལེབ་དམ་པོར་བཟོས་པ། ;cause;ངས་སྒྲོམ་དེ་བརྗེ་སོར་བཏང་ཡོད། ;ངས་ཨེ་རིག་ལྡེ་མིག་དེ་ཁ་བསྒྱུར་པ་ཡིན། ;1
ཁོང་གཉིས་ཁང་ཁྱིམ་གླར་སྤྲོད་པའི་གན་རྒྱ་ཞིག་བཀོད་ཡོད། ;effect;ཁོང་གཉིས་ཁང་པའི་ནང་དུ་གནས་སྤོས་བྱས་པ་རེད། ;གྲོང་ཁྱེར་གྱི་ཁྲིམས་ཁང་གིས་ཁང་པ་དེ་ལ་བཀག་སྡོམ་བྱས་འདུག ;0
བུད་མེད་དེ་ཕྱི་རོལ་གྱི་སྒོ་ཁར་བསྡད་དོ། ;cause;མོ་ནི་ཉི་མ་ནུབ་པར་བལྟ་འདོད་འདུག ;མོ་ལ་གློག་འཁྱུག་མཐོང་བ་རེད་བསམ་བྱུང་། ;0
མི་དེས་ཆུ་ལ་ཆུ་སྦང་གོས་གྱོན་འདུག ;cause;ཁོང་ཆུའི་ནང་ལ་ཆུའི་ནང་ལ་ཆུའི་ནང་ལ་ཆུའི་ནང་ལ་ཆུའི་ནང་ལ་ཆུའི་ནང་ལ་ ;ཆུ་ནི་གཏིང་ཟབ་པོ་མ་འདུག ;0
བུད་མེད་དེས་ཡི་གེ་བཀོལ་བྱེད་འཕྲུལ་ཆས་ནང་ཡི་གེ་བརྐོས་པ་བཟོས་འདུག ;effect;མོ་གིས་ཡིག་ཆ་དེ་སུབ་པ་རེད། ;མོ་ཡིས་རྒྱབ་སྣེ་ལྡེ་མིག་ (Backspace) ལ་གནོན་སོང་། ;1
བུ་མོ་དེས་རང་གི་གྲོགས་པོ་རྣམས་ལ་ང་རྒྱལ་བྱེད་པ་ཡིན། ;cause;མོ་ལ་རྟགས་མ་ཡག་པོ་ཐོབ་འདུག ;མོ་ལ་འགྲན་བསྡུར་ཞིག་ཐོབ་ཡོད། ;1
ས་ཁྱམས་ལ་འདམ་པོ་འདུག ;cause;མཚན་མོ་དེར་ཆར་པ་ཤུགས་ཆེན་པོ་འབབ་པ་རེད། ;ས་ཞིང་གང་སར་རྩ་ངན་གང་ནས་ཡོད། ;0
བུད་མེད་དེ་གཉིད་ལོག་སོང་། ;cause;མོ་མཚན་མོ་མགྲོན་ཁང་ཞིག་ཏུ་བསྡད་སོང་། ;མོ་རང་གི་གློག་ཀླད་ཀྱི་ཆུ་ཚོད་སྒྲིག་རྒྱུ་བརྗེད་སོང་། ;1
མི་དེས་ཉི་མ་ལ་གདོང་ལེན་བྱེད་ནུས་པའི་སྨན་ཁབ་གྱོན་པ་རེད། ;cause;ཁོ་གྲིབ་ནག་ཏུ་བསྡད་དོ། ;ཁོ་རྒྱ་མཚོའི་འགྲམ་ལ་སོང་འདུག ;1
ཞིབ་འཇུག་པ་རྣམས་ཀྱིས་རྣམ་གཞག་དེ་བདེན་པར་བསྟན་པ་རེད། ;effect;ཞིབ་འཇུག་པ་རྣམས་ཀྱིས་རྣམ་གཞག་དེ་ཕྱིར་འཐེན་བྱས་འདུག ;མི་འགའ་ཤས་ཀྱིས་ལྟ་བ་དེར་ཁས་ལེན་བྱས་ཡོད། ;1
རྩེད་འགྲན་སྐབས་ཀྱི་དགའ་ལྡན་ཚོས་སྐད་ཅོར་བརྒྱབ་འདུག ;cause;རྩེད་འགྲན་ནི་དུས་ཡུན་རིང་དུ་འགྲོ་བཞིན་ཡོད། ;ཁྲིམས་དཔོན་གྱིས་ཐག་གཅོད་མ་ལེགས་པར་བྱས་འདུག ;1
ངས་སྒོ་ལྕགས་སྟེང་གི་ཨང་བཏགས་པ་ཨང་བཏགས་པ་ཡིན། ;effect;ངས་སྒོ་རྒྱབ་པ་ཡིན། ;སྒོ་ཁ་ཕྱེ་སོང་། ;1
མི་ཚོགས་ཤུགས་ཆེ་རུ་ཕྱིན་པ་རེད། ;effect;ཕ་དེས་བུ་ལ་དངུལ་ཕྲན་བུ་སྤྲད་དོ། ;ཕ་ཡིས་རང་གི་བུ་ལ་ལག་པར་བཟུང་། ;1
སྦལ་པ་ནས་ལམ་བཀག་འདུག ;effect;ངས་གངས་རྣམས་གངས་དཀར་གྱི་རྡུལ་དུ་སྤུངས་པ་ཡིན། ;ངས་གངས་དེ་ལམ་ནས་ཕུད་ནས་ཕུད་པ་ཡིན། ;1
ཀ་ཡ་ཀའི་གྲུ་པ་རྣམས་ཀྱིས་གྲུ་གཟིངས་ལ་གྲུ་གཟིངས་བསྐྱོད་པ། ;effect;ཀ་ཡ་ཀཱོས་མཚོ་འགྲམ་ལ་སླེབས་པ་རེད། ;ཀ་ཡ་ཀིས་རྦ་རླབས་ལ་ཐུག་སོང་། ;0
བུ་མོ་དེས་རང་གི་འཁོར་ལོའི་དབང་ཆ་ཤོར་སོང་། ;effect;མོ་ཡིས་ལག་རྟའི་ཁ་པར་བཏང་། ;མོ་ལྕགས་རིར་བརྡབ་སོང་། ;1
ངས་རླུང་འཕྲིན། ;effect;ཆུ་གིས་ངའི་པགས་པ་གཏོར་སོང་། ;ངས་རླུང་ཚ་པོ་ངའི་སྟེང་བབས་པ་ཚོར་བ་བྱུང་། ;1
སེར་ཕིར་རྣམས་མཚོ་འགྲམ་ལ་ཕྱིར་ལོག་སོང་། ;cause;ཁོང་ཚོ་ཆུ་ལ་སྦང་འདུག ;ཁོང་ཚོས་ཉ་ཞིག་མཐོང་སོང་། ;1
ངས་ཆུ་སྣུམ་གྱི་ཆུ་ཐིག་གི་སྣོད་དེ་བཏོན་པ་ཡིན། ;effect;ཆུ་ནི་ཆུ་རྫིང་ནས་ཐོན་པ་རེད། ;ཆུ་དེ་ས་ལ་ཐིག་ལེ་བརྒྱབ་འདུག ;0
ཁྱོ་ག་དེས་རང་གི་ཆུང་མར་གཡོ་སྒྱུ་བྱས་པར་ཉེས་སྐྱོན་གྱི་ཚོར་བ་བྱུང་ངོ་། ;effect;ཁོས་མོ་ལ་ལོག་གཡེམ་བྱས་པར་སྐྱོན་བརྗོད་བྱས་པ་ཡིན། ;ཁོང་མོས་ཁོང་དང་དམ་ཚིག་འགལ་བའི་སྐོར་ངོས་ལེན་བྱས་པ་ཡིན། ;1
ཤོག་སྒྲིལ་གྱི་སྣུམ་སྣུམ་དེ་རེག་སོང་། ;cause;ངས་སྣུམ་གྱི་སྣུམ་སྐམ་པར་སྒུག་པ་ཡིན། ;ངས་སྒྲོམ་དེའི་སྟེང་ཆུ་བླུགས་པ་ཡིན། ;1
བུ་ཆུང་ངུ་ངུ་བཞིན་གཉིད་སད་སོང་། ;cause;ཁོ་ལ་རྨི་ལམ་ཞིག་མཐོང་བྱུང་། ;ཁོ་ཉལ་ཁྲིར་གོམ་པ་འཁྱིལ། ;0
བུ་དེས་རྐང་པ་ལྕོག་སྟེང་བཞག་སོང་། ;effect;ཁོང་རང་གི་ཕ་ལྕོག་རྩེ་ལ་བཞུགས་པ་རེད། ;ཕ་ཡིས་ཁོ་ལ་བསླབ་བྱ་བཏང་། ;1
ངའི་གྲོགས་པོ་དེས་ངའི་ཕྱོགས་སུ་མགོ་འཁོར་བྱས་པས། ;cause;ངས་ཁོའི་མིང་སྐད་ཆེན་པོས་འབོད་པ་ཡིན། ;ངས་ལག་པ་འཕྱུར་བ་ཡིན། ;0
གཞུང་གིས་རང་གི་མི་སེར་རྣམས་ལ་མནར་གཅོད་བཏང་། ;effect;མི་རྣམས་ངོ་རྒོལ་བྱས་པ། ;མི་སེར་ཚོས་འོས་ཤོག་བཀོད་པ་རེད། ;0
བུ་དེ་ཤིང་ནགས་སུ་ཤོར་སོང་། ;effect;ཁོང་གིས་གུར་ཕུབ་པ་རེད། ;ཁོ་ཡིས་རོགས་རམ་ཆེད་སྐད་ཅོར་བརྒྱབ་འདུག ;1
བུད་མེད་ཕྱི་རྒྱལ་དུ་ཕྱིན་པ་རེད། ;cause;མོ་ལ་རི་མོ་འབྲི་སྟངས་སྦྱངས་འདོད་འདུག ;མོ་ནི་གཞན་གྱི་སྲོལ་རྒྱུན་སྐོར་ཤེས་འདོད་འདུག ;1
མི་དེས་རང་གི་ལས་གྲོགས་ལ་ཕྲག་དོག་བྱེད་པ་རེད། ;cause;ཁོང་ལས་རོགས་ཞིག་ཡར་འཕགས་བྱུང་བ། ;ཁོང་དང་མཉམ་དུ་ལས་ཀ་བྱེད་མཁན་ཞིག་ནི་དགོང་དྲོ་བར་ལས་ཀ་བྱས་པ་ཡིན། ;0
མི་དེས་ཕྱི་རྒྱལ་གྱི་མི་མཐོང་བ་རེད། ;cause;ཁོང་ལ་རྨི་ལམ་མཐོང་གི་འདུག ;ཁོང་གིས་ཐུགས་ལ་བརྟགས་བཞིན་འདུག ;0
མི་དེའི་སྐྲ་དཀར་པོ་ཆགས་པ་རེད། ;cause;ཁོང་དེས་དཀར་ཆག་བཏང་སོང་། ;ཁོང་དེའི་ནང་ཤ་པུ་བླུགས་པ་རེད། ;0
སྒྱུ་རྩལ་བ་དེས་ལས་ཀ་གསར་པ་བཟོས་པ་རེད། ;cause;མོ་རང་གི་སྔོན་གྱི་ལས་ཀ་ལ་སྐྱོན་བརྗོད་བྱས་འདུག ;མོ་ལ་སེམས་ཀྱི་རྣམ་ཤེས་ཞིག་བྱུང་སོང་། ;1
བུ་དེ་ཁྱིམ་ནས་སོང་སོང་། ;cause;ཁོང་དམག་ལས་ཕྱིར་འཐེན་བྱས་ཡོད། ;ཁོ་ནི་མཐོ་སློབ་དུ་འགྲོ་གི་རེད། ;1
དཔེ་དེབ་རྣམས་སྒྲོམ་ནས་ལྷུང་སོང་། ;cause;ཤོག་སྒྲིལ་རྣམས་རྡུལ་གྱིས་བཀབ་པ་རེད། ;ས་ཡོམ་གྱིས་དཔེ་མཛོད་ཁང་གི་སྒྲོམ་དེ་གཡུགས་པ་རེད། ;1
ངའི་ཁྱིམ་དུ་གློག་མེ་ཁ་ཕྱེས་སོང་། ;effect;ངས་འོད་ཟེར་ཞིག་སྤོས་པ་ཡིན། ;ངས་གློག་རྒྱུན་གྱི་གློག་རྒྱུན་བསྐྱར་བཅད་པ་ཡིན། ;1
ང་ཚོ་རི་བོ་མཐོན་པོ་ལ་བཞུད་སོང་། ;cause;འཇིགས་སྣང་ཆེན་པོ་འདུག ;སྤྲོ་བ་ཡོད་པའི་རྣམ་པ་འདུག ;1
པོབ་ཀོར་ནའི་ཁུག་པ་ཁ་ཕྱེ་འགོ་ཚུགས་པ་རེད། ;cause;ངས་ཁུག་པའི་ནང་དུ་འོ་མ་བླུགས་པ་ཡིན། ;ངས་དེ་ལ་མེ་ཏོག་ནང་དུ་དྲོད་བསིལ་བཏང་ཡོད། ;1
ཤིང་སྡོང་ཞིག་གློག་ཐག་གི་སྟེང་དུ་ལྷུང་སོང་། ;effect;ཉེ་འཁོར་གྱི་གློག་མེ་དེ་ཆད་འདུག ;གནམ་གཤིས་བརྟག་དཔྱད་ཀྱིས་རླུང་ཤུགས་ཆེ་ཡོང་གི་རེད་ཟེར། ;0
གསུང་བཤད་མཁན་གྱིས་སྲིད་དོན་ཐོག་ནས་དྲང་པོ་མིན་པའི་གཏམ་བཤད་འདུག ;effect;ཁོང་གིས་ཚོགས་མི་རྣམས་ཡིད་ཐང་ཆད་བཅུག་པ་རེད། ;ཁོང་གིས་ཚོགས་འདུ་ལ་དམའ་འབེབས་བྱས་པ་ཡིན། ;1
ངས་རང་ཉིད་ལ་པི་ལིང་གིས་སོ་བཏབ་པ་ཡིན། ;effect;ངའི་གདོང་ནས་རིལ་བུ་ཙམ་གྱི་སྐོམ་པ་ཐིག་ལེ་ཐིག་ལེ་ཐིག་ལེ་ཐིག་ལེ་ཐིག་ལེ་ཐིག་ལེ་ཐིག་ལེ་ཐིག་ལེ་ཐིག་ལེ་ཐིག་ལེ་ཐིག་ལེ་ཐིག་ལེ་ཐིག་ལེ་ཐིག་ལེ་ཐིག་ལེ་ཐིག་ལེ་ཐིག་ལེ་ཐིག་ལེ་ཐིག་ལེ་ ;ངའི་མཛུབ་མཁར་ཁྲག་ཐིག་ཞིག་ཆགས་སོང་། ;1
ཉ་དེ་ཆུ་མཛོད་གི་སྟེང་དུ་ལྡིང་བ་རེད། ;cause;ཟས་ལ་ལྟོགས་པ་འདུག ;སྦྲུལ་དེ་ཤི་འདུག ;1
མི་དེའི་སྐད་ནི་སྐད་ཅོར་མི་བདེ་བ་ཞིག་འདུག ;cause;ཁོང་ནད་དུག་ཐོབ་པ་རེད། ;ཁོང་འཐུང་རྒྱུ་མཚམས་འཇོག་བྱས་པ་ཡིན། ;0
ལེཕ་ཊར་གྱི་སྒོ་ཕྱེ་འདུག ;cause;ཝེ་ཊར་ནི་ས་མིག་ངོས་འཛིན་དུ་སླེབས་པ་རེད། ;སྦྲེལ་ཁང་གི་བར་ལ་གློག་རྒྱུན་འགག་མེད་དུ་བསྡད་འདུག ;0
ན་གཞོན་དེས་ཁང་པ་ནས་གསང་བའི་ཐོག་ནས་ཐོན་སོང་། ;cause;ཁོང་རང་གི་ཕ་མ་ལ་རྫུན་བཤད་པ་རེད། ;ཕ་མ་གཉིས་ཀྱིས་ཁོ་ལ་ཁྲིམས་ཆད་བཏང་། ;1
ཆུ་གིས་གྲང་ཁང་ཁེངས་འདུག ;cause;ཐབ་ཀྱི་ཆུ་ནི་ཆུ་ལོག་གིས་ཁེངས་འདུག ;ཆུ་སྣུམ་ཐབ་ཆག་སོང་། ;0
ཁྱི་ཆུང་དེ་བདག་པོའི་ཉེ་འགྲམ་དུ་བསྡད་དོ། ;cause;སྦྱིན་བདག་གིས་ཁྱི་ཆུང་དེ་ལ་སྐེ་ཐག་བཏགས་འདུག ;སྦྱིན་བདག་གིས་ཁྱི་ཆུང་དེ་ཐག་པས་འཛིན་ནས་བཞག་འདུག ;1
མི་དེས་རང་གི་སྣང་བརྙན་ལ་བལྟས་པས། ;cause;ཁོང་ཤིང་སྡོང་ཆེན་པོ་ཞིག་གི་འོག་ཏུ་ལངས་པ་རེད། ;ཁོང་ནི་ཁུ་སིམ་པོ་ཡོད་པའི་མཚོ་ཆེན་གྱི་སྟེང་དུ་ལངས་ནས་བསྡད་འདུག ;1
ངའི་བུ་མོ་ཚོས་ང་ལ་འབོད་པར་མ་བཏང་བ་རེད། ;effect;ངས་མོ་ལ་ལན་འདེབས་བྱས་པ་ཡིན། ;ངས་མོ་དང་དགོང་ཟས་སུ་ཐུག་པ་ཡིན། ;0
ཁྱིམ་ཚང་གིས་ཁྱིམ་མཚེས་རྣམས་འཚོལ་ཞིབ་བྱས་པ་ཡིན། ;cause;ཁོ་ཚོའི་ཁྱི་དེ་ཁྱིམ་ནས་བྲོས་སོང་། ;ཁོང་ཚོའི་ཁྱིམ་ནས་རིན་ཐང་ཆེ་བའི་རྒྱན་ཆ་དག་པ་བརླག་འདུག ;0
ངས་རང་གི་དབུགས་གཏོང་སྐབས་རང་གི་དབུགས་མཐོང་བྱུང་། ;cause;གནམ་གཤིས་གྲང་གྲང་གི་འདུག ;ངའི་བྲང་ཁོག་ལ་ཁོག་པ་ཤུགས་ཆེན་པོ་འདུག ;0
ལས་བྱེད་ཚོགས་པ་ཞིག་ཆགས་ཡོད། ;cause;ཁོང་ཚོས་ལས་ཀ་བྱེད་པའི་གནས་སྟངས་ལེགས་པ་ཞིག་དགོས་པ་རེད། ;ཁོང་ཚོའི་ལས་འཛིན་པས་གླ་ཆའི་ཚད་གཞི་ཡར་འཕར་བཏང་། ;0
ངས་སོག་པོའི་ཕོར་པ་བསྲེགས་པ་ཡིན། ;effect;ཟས་རུལ་བའི་དྲི་ངན་གྱིས་ཁང་མིག་གང་ནས་འདུག ;ཙོང་ཁ་ནང་དྲོད་ཁུ་སིམ་པོ་ཁེངས་འདུག ;1
བུད་མེད་དེས་འགྲོ་རྒྱུར་དཀའ་ལས་རྒྱབ་པ་རེད། ;cause;མོ་ལ་རྐང་པ་མཐོ་པོ་ཡོད། ;མོ་རང་གི་ལྷམ་ཕུད་སོང་། ;0
ཆུ་སྣོད་ལས་སོག་པོ་ཐོན་སོང་། ;cause;ཆུ་ལ་ཐིག་ལེ་འཐེན་སོང་། ;ངས་ཁོར་ཡུག་བཀབ་པ་ཡིན། ;0
ངའི་ལྷམ་པ་ཐམས་ཅད་ཁྲུས་ཁང་དུ་ཡོད། ;effect;ངས་སན་ཌལ་གྱོན་པ་ཡིན། ;ངས་ལྷམ་ཆ་གྱོན་པ་ཡིན། ;0
སྲིད་པ་དེའི་རྩོད་གཞི་ནི་ཐབས་མེད་རེད་ཟེར་བ་རེད། ;effect;ཁོ་ལ་འདེམས་ངོ་ཚོས་རྒྱབ་སྐྱོར་བྱས་མེད། ;ཁོ་ལ་ལྐོག་རྔན་གྱི་ཉེས་འཛུགས་བྱས་ཡོད། ;0
མི་གཉིས་མགྲོན་པོ་བྱས་པར་ཚང་མས་ཁས་ལེན་མ་བྱས་སོ། ;effect;ཁོང་གཉིས་མངལ་དང་ལྡན་པར་གྱུར་པ་རེད། ;ཁོང་གཉིས་བྲོས་སོང་བ་རེད། ;1
ཁང་པ་དེ་ནི་ས་ཡ་རམས་པ་ཞིག་ལ་བསྔོ་འབུལ་བྱས་པ་ཡིན། ;cause;དངུལ་འབུམ་པ་དེས་ཁང་པ་དེ་བཤིགས་འདོད་འདུག ;དངུལ་འབུམ་པ་དེས་ཁང་དེ་བཞེངས་པའི་ཆེད་དངུལ་ཕུལ་བ་རེད། ;1
ཚོང་འབྲེལ་པ་དེས་བུ་མོ་དེ་ལ་རྐུ་མ་རྐུ་བའི་སྐྱོན་བརྗོད་བྱས་འདུག ;cause;ཚོང་ལས་རོགས་ཀྱིས་བུ་མོ་དེས་ཚོང་ཟོག་དངུལ་ཁུག་ནང་བཞག་པ་མཐོང་། ;ཚོང་ལས་རོགས་ཀྱིས་བུ་མོ་དེ་ལ་དགའ་བའི་དངུལ་ཁུག་རྙེད་པར་རོགས་བྱས་འདུག ;0
རྒྱལ་ཁབ་དེས་ཉེ་འགྲམ་གྱི་ས་ཁུལ་ལ་དམག་འཁྲུག་སྤེལ་བ་རེད། ;effect;དམག་མི་རྣམས་དམག་འཐབ་ཏུ་བཏང་། ;དམག་མི་ཚོ་རང་གི་ནང་མི་དང་མཉམ་དུ་བསྡད། ;0
ཁྲིམས་ཁང་གིས་རྩོད་རྙོག་ཅན་གྱི་ཁྲིམས་ཐག་དེ་སྲུང་སྐྱོབ་བྱས་འདུག ;effect;ཁྲིམས་ཁང་གི་མདུན་ནས་ཟིང་ཆ་ཞིག་ལངས་པ་རེད། ;མི་གཉིས་ཁྲིམས་ཁང་གི་མདུན་དུ་དམ་བཅའ་བརྗེ་ལེན་བྱས་པ། ;0
བུ་མོ་དེས་དངོས་པོ་གང་ཞིག་མེ་ལྕེའི་དྲི་མ་འཐེན་འདུག ;cause;མོ་གིས་ཕོར་པ་ནས་བག་ལེབ་བཏོན་སོང་། ;མོ་གིས་བག་ལེབ་དེ་དག་ཐབ་ནང་བཞག་འདུག ;1
ཆར་པ་ཤུགས་ཆེན་པོ་འབབ་བཞིན་འདུག ;effect;རླུང་འཚུབ་དྲག་པོ་ཆེ་རུ་ཕྱིན་པ་རེད། ;ངས་ནང་དུ་འགྲོ་རྒྱུར་བྲེལ་བ་རྒྱབ་སོང་། ;1
ཁང་པ་དེ་ནས་མི་སུ་ཡང་མ་ཐོན་པ་རེད། ;cause;ལི་ཕཊ་ནི་ལས་ཀ་བྱེད་རྒྱུ་མཚམས་འཇོག་བྱས་འདུག ;མེ་འགོག་བརྡ་འགུལ་གྱིས་གློག་འཕྲིན། ;1
ཕ་ནི་རང་གི་བུ་ལ་ཆང་རག་འཐུང་རྒྱུར་དགའ་པོ་མེད། ;effect;ཕ་ཡིས་བུ་ལ་ཁུ་རུའི་ཕོར་པ་ཉོས་སོང་། ;ཕ་ཡིས་རང་གི་བུ་ལ་ཁྱིམ་ནས་ཕྱིར་འབུད་བྱས་འདུག ;1
ཁྲིམས་རྩོད་པ་དེས་ཁང་མིག་གི་ཐེམ་སྐས་ནས་ཡར་སོང་ངོ་། ;cause;མདོ་ཆེན་དེ་ཉིན་རང་གི་ཁྱིམ་དུ་ལོག་སོང་། ;ལི་ཕིང་གི་ལས་དོན་མ་འགྲུབ། ;1
མི་དེས་རང་གི་གྲོགས་པོ་ལ་ཁོང་ཁྲོ་ལངས་པ་རེད། ;cause;ཁོང་གི་གྲོགས་པོ་དེས་ཁོང་གི་གཏམ་ལ་བར་ཆད་བཏང་། ;ཁོང་རང་གི་གྲོགས་པོས་ཁོ་ལ་ཉིན་གུང་གི་ཟས་སྤྲད། ;0
བུ་མོ་དེས་དངུལ་ཁང་གི་སྒེར་པར་དངུལ་ཕུལ་སོང་། ;effect;དངུལ་ཁང་གི་ལས་བྱེད་པ་དེས་བུ་མོ་དེ་ལ་དངུལ་ལྷག་མ་སྤྲད་དོ། ;དངུལ་ཁང་གི་ལས་བྱེད་པ་དེས་བུ་མོ་དེ་ལ་དངུལ་ཐིག་སྤྲོད་རྒྱུ་བརྗེད་སོང་། ;0
བུད་མེད་དེ་སྒྲོལ་མ་སྒྲོམ་ལ་བཞག་འདུག ;cause;མོ་ལ་རྨས་སྐྱོན་བྱུང་ནས་རྐང་པ་སྐྱོན་ཤོར་བ་རེད། ;མོ་ནི་སྨན་ཁང་དུ་འཁུར་ཤིང་ནང་འཛུལ་བ་རེད། ;0
མི་སེར་ཚོས་རང་གི་ཁྱིམ་གྱི་མདུན་ལ་རྒྱལ་དར་འཕྱར་འདུག ;cause;རྒྱལ་ཁབ་ཀྱིས་རང་དབང་གི་དུས་སྟོན་སྲུང་བརྩི་བྱེད་བཞིན་འདུག ;རྒྱལ་ཁབ་འདི་དཔལ་འབྱོར་གྱི་དཀའ་སྡུག་ལ་གདོང་ལེན་བྱེད་བཞིན་ཡོད། ;0
ཚོགས་སྡེ་གིས་འགྲན་བསྡུར་ལས་ཤོར་སོང་། ;effect;ཁོང་ཚོས་རང་གི་དགེ་འདུན་པ་ཚོར་བློ་ཕམ་བཏང་། ;ཁོང་ཚོས་རང་གི་དགེ་འདུན་པ་ཚོར་སེམས་ཤུགས་སྤར་ཡོད། ;0
ངའི་གྲོགས་པོ་དེས་ངའི་སོ་ནང་ཟས་འཐེན་ཡོད་པ་བཤད་བྱུང་། ;effect;ངས་ངོ་ཚ་བ་ཞིག་བྱུང་སོང་། ;ང་རྒྱལ་བྱུང་། ;0
བུ་དེས་ལོ་རྒྱུས་ཀྱི་བརྟག་དཔྱད་ལ་ཕུད་རྡོག་བཏང་འདུག ;cause;སློབ་ཚན་ནང་དུ་དོ་སྣང་ཆེན་པོ་བྱས་པ་ཡིན། ;ཁོ་ལ་སློབ་སྦྱོང་བྱེད་རྒྱུ་བརྗེད་སོང་། ;1
གྲོང་ཁྱེར་གྱི་དཀྱིལ་གྱི་ཁང་པ་ཁ་རོག་རིལ་སོང་། ;cause;ས་ཡོམ་ཞིག་གྲོང་ཁྱེར་དུ་བྱུང་འདུག ;གྲོང་ཁྱེར་ནང་ཉེས་འགེལ་གྱི་ཚད་གཞི་ཡར་འཕར་སོང་འདུག ;0
མི་དེའི་གྲོགས་མོ་ཁོ་དང་ཁ་བྲལ་སོང་། ;effect;ཁོ་མོ་ལ་ཁོ་ཕྱིར་ལོག་ལེན་པར་ཞུ་བ་ཕུལ་ལོ། ;ཁོ་མོ་རང་གི་ཕ་མ་གཉིས་དང་ངོ་སྤྲོད་བྱས་པ་ཡིན། ;0
བུ་གཉིས་ཀ་དུས་གཅིག་ཏུ་ཕུར་བུའི་ཕྱིར་ཕུར་བུའི་ཕྱོགས་སུ་ཕེབས། ;effect;པོ་ལིས་འཕུར་སོང་། ;ཁོང་གཉིས་ཀྱི་མགོ་ལ་ཐུག་པ་བྱུང་། ;1
ཝ་ཀོན་གྱིས་ལུད་ཀྱི་བུམ་པ་བཤུས་སོང་། ;cause;ཕྱགས་སྙིགས་དབྱུགས་སའི་ནང་ཁེབ་རྡོག་ཞིག་ཡོད། ;སྣོད་བཅུད་ཀྱི་ཁེབས་དེ་ཕུད་ཡོད། ;1
བུ་དེས་ལག་པར་འབྲི་ཤོག་རྣོན་པོ་བྱས། ;cause;ཚད་མཐར་མི་ཕལ་བ་རེད། ;ཧ་ཅང་ཡིད་སྐྱོ་པོ་འདུག ;1
དངུལ་ཁང་གི་ལས་བྱེད་པ་དེས་བུད་མེད་དེ་ལ་གྱོན་གོས་ཀྱི་རིན་དངུལ་ཕྱིར་སློག་བྱེད་མ་ཆོས ;cause;མོ་ལ་དངུལ་ཐིག་ཤོར་སོང་། ;གོས་དེ་མི་འདམ་སོང་། ;0
ངའི་པགས་པ་ལ་རྨས་སྐྱོན་ཆེན་པོ་བྱུང་། ;effect;དེ་མྱུར་དུ་གསོས་པ་རེད། ;ཤུལ་ཤུལ་ཞིག་བཞག་ཡོད། ;1
མི་དེས་གློ་བུར་དུ་གློ་བུར་དུ་གློ་བུར་དུ་གློ་བུར་དུ་གློ་བུར་དུ་གློ་བུར་དུ་གློ་བུར་དུ་གློ་བུར་དུ་གློ་བུར་དུ་གློ་བུར་དུ་གློ་བུར་དུ་གློ་བུར་དུ་གློ་བུར་དུ་གློ་བུར་དུ་གློ་བུར་དུ་གློ་བུར་དུ་གློ་བུར་དུ་ ;cause;ཁོ་ས་ལ་བལྟས་ནས་བསྡད་འདུག ;ཁོང་རང་ཉིད་ལ་སྐད་ཆ་བཤད་བཞིན་འདུག ;1
བུ་ཆུང་གིས་ས་སྟེང་ཟས་དུམ་བཞག་འདུག ;effect;སྦྲང་འབུ་རྣམས་ཟས་ཀྱི་དུམ་བུར་འཐོར་སོང་། ;བུ་ཆུང་གིས་བག་ལེབ་དེ་སྦ་བཞག་འདུག ;0
བུད་མེད་དེས་རང་གི་སྲིང་མོ་ལ་རས་ཁེབས་ཞིག་སྤྲད། ;cause;བུད་མེད་དེའི་སྲིང་མོ་ཡིས་ལག་གཉིས་བསྡམས་པ་རེད། ;བུད་མེད་ཀྱི་སྲིང་མོ་ངུ་འགོ་ཚུགས་ ;1
མི་དེས་དངུལ་ཁུག་ཅིག་བླངས་པ་རེད། ;cause;ལྕེ་ལ་རྨ་ཁ་འཐོར་འདུག ;ཁོང་ཁ་ལས་དབུགས་ལོག་པ་ཚ་བ་རེད། ;1
ཁོང་གཉིས་དུས་ཐོག་མར་འགྲེམས་སྟོན་ལ་ཕེབས་པ་རེད། ;cause;ཁོང་ཚོས་བརྙན་ཁང་གི་ཉེ་འཁོར་གྱི་རྒྱུན་འགྲུལ་གྱི་སྔོན་འགོག་བྱས་ཡོད། ;ཁོང་ཚོས་འཁྲབ་སྟོན་ཁང་དུ་འགྲོ་རྒྱུའི་ལམ་སྟོན་ཐོབ་ཡོད། ;0
བུད་མེད་ལས་ཀ་ནས་མ་ཕྱིན་པར་ཁྱིམ་དུ་བསྡད་ཡོད། ;effect;མོའི་མགོ་འཛིན་གྱིས་མོ་ལ་བསྟོད་བསྔགས་ཕུལ་བ་རེད། ;མོ་ལས་རོགས་ཀྱིས་མོ་ལ་སྦས་སོ། ;1
མི་དེས་ལས་འགུལ་བ་ཚོའི་ཞུ་ཡིག་ལ་མིང་རྟགས་བཀོད་འདུག ;cause;ཁོང་གིས་ཁོ་ཚོའི་དོན་ལ་རྒྱབ་སྐྱོར་གནང་གི་ཡོད། ;ཁོང་གིས་ཁོང་ཚོར་སྨྱོན་པ་རེད་ཟེར་བ་རེད། ;0
འཁྲབ་སྟོན་གྱི་སྔོན་དུ་འཁྲབ་སྟོན་པའི་སེམས་ཤུགས་ཆེ་རུ་ཕྱིན་འདུག ;cause;ཁོང་ཁྲོས་ནས་གློག་བརྙན་འཁྲབ་པ་རེད། ;ཁོང་རང་གི་ཚིག་འབྲུ་རྣམས་དྲན་གསོས་བྱས་ཡོད། ;0
ང་མགོ་འཐོམ་འདུག ;effect;ངས་དངུལ་རྩིས་ལེན་པ་ཡིན། ;ངས་ས་ཁྲ་ཁ་ཕྱེས་པ་ཡིན། ;1
འབྲས་བུས་ཉི་མ་ལ་རིང་པོར་ལུས་སོ། ;effect;ཟས་སོ། ;ཤ་སྐམ་སོང་བ་རེད། ;1
སྣུམ་འཁོར་ཁ་ཕྱེ་མ་སོང་། ;cause;ངས་མེ་ལྕེའི་འཁོར་ལོ་བསྒྱུར་བ་རེད། ;འཕྲུལ་ཆས་ཀྱི་དྲོད་ཚད་ཆེ་རུ་ཕྱིན་པ། ;1
མི་དེས་རྒྱབ་ལ་རྨས་སྐྱོན་བྱུང་འདུག ;effect;ཁོ་སྨན་བཅོས་ཀྱི་སྨན་པར་བཅར་བ་རེད། ;ཁོང་ཉིན་མང་པོའི་རིང་ཉལ་སར་བསྡད་དོ། ;1
ངས་མེ་ལྕེ་ལ་མེ་འབར་བ་བཟོས་པ་ཡིན། ;cause;ངས་མེའི་ཤིང་ཆད་སོང་། ;ཁང་པའི་ནང་གནམ་གཤིས་གྲང་པོ་འདུག ;1
བུད་མེད་དེ་རྒྱུག་འགྲོ་བཞིན་བསྡད་མ་སོང་། ;cause;མོ་ལ་གཟུགས་ཀྱི་རུས་པ་འཐག་འདུག ;མོ་ལ་སེམས་གསོ་ཐོབ་པ་རེད། ;0
ངས་ཁྱིམ་མཚེས་ཀྱི་སྒོ་བརྡུང་བ་ཡིན། ;effect;ཁྱིམ་མཚེས་ཀྱིས་ང་ལ་ནང་དུ་གདན་དྲངས་བྱུང་། ;ངའི་ཁྱིམ་མཚེས་ཆུང་ཆུང་ཁྱིམ་ནས་ཐོན་སོང་། ;0
བུད་མེད་ཀྱིས་སེམས་ཕམ་ནས་དབུགས་ཆད་འདུག ;cause;མོའི་ཁྱོ་ཡིས་མོའི་ཚ་གྱོང་གི་གོ་དོན་མ་རྟོགས་པ་རེད། ;མོའི་ཁྱོ་ཡིས་མོ་ལ་ཁ་ཐུག་ཁ་སྐྱེལ་ནས་འགྲོར་སོང་། ;0
སློབ་དཔོན་གྱིས་སློབ་ཕྲུག་དེ་ལ་བསྟོད་བསྔགས་ཕུལ་ལོ། ;cause;སློབ་ཕྲུག་གིས་དྲི་བ་ལ་ལན་དྲང་པོ་རེད། ;སློབ་ཕྲུག་དེས་དྲི་བ་ལ་ལན་འདེབས་བྱེད་མ་ནུས་པ་རེད། ;0
བུད་མེད་ལ་སྒོ་ང་མ་ལྷག་པ་རེད། ;effect;ཁོ་མོ་ཞིང་ཁར་ཕྱིན་པ་རེད། ;མོ་ཚོང་ཁང་དུ་སོང་འདུག ;1
ངས་གྲོགས་པོ་རྙིང་པ་ཞིག་དང་ཐུག་བྱུང་། ;effect;ངས་ཁོ་ལ་གསང་བ་ཞིག་བཤད་པ་ཡིན། ;ངས་ཁོ་ལ་འཐེན་པ་ཡིན། ;1
བུད་མེད་མཚོ་ནང་དུ་འགྲོ་མ་འདོད་པ་རེད། ;cause;མོ་ཉ་ཞིག་བཟུང་སོང་། ;འབུ་སྲིན་གྱིས་གནོད་སྐྱོན་བཏང་བ་ལྟ་བུ་འདུག ;1
སློབ་ཕྲུག་དེ་ཆུ་འཁྱིལ་ནས་སློབ་ཁང་དུ་སླེབས་པ་རེད། ;cause;ཁོང་གི་ཆུ་གྲིབ་དེ་བཅག་འདུག ;ཁོ་ཡི་འཁོར་ལོ་རྐུན་ཤོར་འདུག ;0
གློག་ཀླད་ཀྱི་སྐར་ཁུང་གི་རྟགས་ཅན་དེ་འགུལ་སོང་། ;cause;ལག་ལེན་པས་ mouse ལ་གནོན་དགོས། ;ལག་ལེན་པས་ཙི་ཙི་སྤོ་བཤུས། ;1
ཊི་པར་གྱི་ཇོ་བདག་གིས་ལམ་གཞན་ནས་བསྐོར་བ་བརྒྱབ་པ་རེད། ;cause;སྟབས་རྐྱེན་ཞིག་བྱུང་ཡོད། ;མོ་རང་གི་མདུན་དུ་ཡོད་པའི་ཊཱག་དེའི་རྗེས་སུ་ཕྱིན་པ་རེད། ;0
ངས་གོས་སྐུད་པ་ཕྱི་རོལ་གྱི་གོས་སྐུད་པའི་སྟེང་ལ་བཏགས་པ་ཡིན། ;effect;ལེན་ནིས་སྐམ་པ་རེད། ;ལེན་ནེའི་གོས་ལ་ཐིག་ལེ་འདུག ;0
བུད་མེད་དེས་མིག་ཟུང་གྱོན་པ་རེད། ;cause;ཉི་མའི་འོད་ཟེར་འོད་ཟེར་ལྡན་པ་འདུག ;མོ་ཡིས་ཊ་ཀིསི་ཞིག་བོས་པ་རེད། ;0
མི་དེས་མཚན་མོའི་གནམ་ལ་ལྟ་བ་རེད། ;cause;ཁོ་ལ་འདི་ནི་དབྱར་དུས་ཡིན་འདོད་འདུག ;ཁོང་ཚོས་འདི་ཧ་ཅང་མཛེས་པོ་རེད་བསམ་བྱུང་། ;1
ངས་ལུས་སྟོབས་ཉམས་པ་ཆེན་པོ་འདུག ;effect;ངས་སྔ་པོར་ཉལ་བར་སོང་བ་ཡིན། ;ངས་མཚན་གང་གཉིད་མ་སད་བསྡད་བྱུང་། ;0
མི་དེས་སྐྲ་བཞར་ཁང་དུ་སོང་ངོ་། ;cause;ཁོང་རང་གི་སྐྲ་རིང་དུ་སྐྱེས་བཞིན་འདུག ;ཁོ་ལ་སྐྲ་རིང་པོ་ཆགས་པ་རེད། ;1
བུ་དེས་རང་གི་སློབ་ཕྲུག་གསར་པ་ལ་གཡོ་སྒྱུ་ཆེན་པོ་བྱས་འདུག ;cause;བུ་དེས་སློབ་གྲྭའི་གྲོགས་པོ་གསར་པ་དེ་ལ་དགའ་བསུ་ཞུས་པ་རེད། ;བུ་དེས་སློབ་གྲྭའི་གྲོགས་པོ་གསར་པ་དེ་མི་དགའ་བ་རེད། ;1
ངས་འོ་མ་འཐུང་འདོད་བྱུང་། ;cause;ངས་བག་ལེབ་ཟ་བཞིན་འདུག ;ངས་བག་ལེབ་བཟོས་བཞིན་ཡོད། ;0
ཆར་བ་འབབ་འགོ་ཚུགས་པ་རེད། ;effect;ཊི་ཝན་གྱིས་མདུན་གྱི་མེ་ལྕེ་འབྱེད་པ། ;ཊི་ཝན་ཇོ་ཡིས་འཁོར་ལོ་རྒྱབ་ཏུ་བཏང་། ;0
ཁང་པའི་ས་ཁལ་ནི་སྟོན། ;effect;ངས་ལམ་གྱི་ཕར་ཕྱོགས་སུ་ལངས་བསྡད་ཡོད། ;ངས་སྒོ་ཁང་གི་སྒོ་འགྲམ་དུ་ལངས་སོང་། ;1
རྩོམ་པ་པོ་དེ་ལ་རྩོམ་ཡིག་འབྲི་རྒྱུའི་དུས་བཀག་མ་བབས་པ་རེད། ;cause;མོ་ལ་རྩོམ་པ་པོའི་སེམས་ཁྲལ་ཡོད་པས་ ;མོ་ཡིས་རྩོམ་ཡིག་དེ་བསྐྱར་དུ་བཟོ་བ། ;0
ལས་རོགས་ཀྱིས་ངའི་ཁ་པར་བཅིངས་སོང་། ;cause;ངས་ལས་འཛིན་པ་ཞིག་དང་གཏམ་གླེང་བྱེད་འདོད་བྱུང་། ;ངས་རང་གི་ངོ་སྤྲོད་ཨང་གྲངས་སྤྲོད་པ་ཡིན། ;0
སྒོ་ཕྱེས་པའི་སྒེ་ཁུང་ནས་རླུང་འཕུར་སོང་། ;effect;སྒོ་ཡི་སྒྲ་སྒྲོགས་སོང་། ;གུར་ཡོལ་རྣམས་འདར་བ་རེད། ;1
ངའི་ཁྱིམ་དུ་གློག་མེ་ཁ་ཕྱེས་སོང་། ;cause;ངས་སྒྲོན་མེ་དེ་བཏོན་པ་ཡིན། ;ངས་གློག་མེ་ཞིག་འཕུར་སོང་། ;1
ལྗིད་ཚད་ཡར་འཕེན་མཁན་གྱིས་སྐད་ཅོར་བརྒྱབ་པ། ;cause;འདྲ་ཕབ་ནང་དུ་གཟུགས་པོ་རྩུབ་པོ་བྱས། ;ཁོ་ཡིས་ཐིག་ལེ་དེ་རང་གི་མགོ་ནས་ཡར་བཏེགས་པ་རེད། ;1
སློབ་ཕྲུག་དེས་རང་གི་མགོ་ནས་རྩིས་རྒྱག་ཐབས་བྱས་པ་ཡིན། ;effect;ཁོང་གིས་རྩིས་འཕྲུལ་ཞིག་བཏོན་པ་རེད། ;ཁོང་མགོ་འཐོམ་པ་རེད། ;1
ཕྲུ་གུ་གཉིད་ཁུག་སོང་། ;cause;ཕ་ཡིས་ཕྲུ་གུ་གི་པེ་ཅོ་ལ་བསྒྱུར་སོང་། ;ཕ་མས་ཕྲུ་གུ་ལ་འཇམ་ཏོང་ནས་འགུལ་བ་རེད། ;1
བུ་མོ་དེས་བུ་ལ་ཆུ་སྣུམ་གྱི་མེ་ཏོག ་འཕངས་སོང་། ;effect;བུ་དེ་ལ་སེམས་འགུལ་བྱུང་འདུག ;བུ་དེ་ཆུ་ལ་སྦང་སོང་། ;1
པར་ལེན་པ་དེས་གློག་བརྙན་འཕྲུལ་ཆས་ཀྱི་གློག་འོད་བེད་སྤྱོད་བྱེད་རྒྱུ་བརྗེད་སོང་། ;effect;པར་རིས་རྣམས་ཁ་དོག་ཏུ་གྱུར་འདུག ;པར་རིས་ནང་གི་མི་ཚང་མས་ཁ་གདངས། ;0
ངས་འཁྲུངས་སྐར་གྱི་དགའ་སྟོན་ལ་ཡོང་བའི་གདན་ཞུ་མ་ལེན་པ་རེད། ;cause;ང་རང་རང་ལོགས་སུ་བསྡད་ཀྱི་ཡོད། ;ང་གྲོང་ཁྱེར་ནས་ཐོན་པ་ཡིན། ;1
ངས་ལུས་རྩལ་སྦྱོང་བརྡར་བྱས་པ་ཡིན། ;cause;ངས་རང་ལུས་སྟོབས་རྒྱས་པ་ཚོར་ཚོར་བ་བྱུང་། ;ང་འཇིགས་བྱུང་། ;0
ངས་ཆུ་སྦལ་པ་ཁ་དོག་བཏང་། ;effect;ཆུ་ལ་སོགས་པ་གང་ཙམ་ཞིག་འཐེན་པ་རེད། ;ཆུ་དེ་ནས་ཆུ་འཛག་སོང་། ;1
ངལ་གསོའི་མགྲོན་པོ་རྣམས་གྲུའི་གྲུ་གཟིངས་ནང་བསྐྱོད་ནས་གྲོང་གསེབ་དུ་ཕྱིན་པ་རེད། ;cause;ཐིམ་ཕུག་གི་སྡོད་གནས་དེའང་སྒོར་གུད་འདུག ;ཐིམ་ཕུག་འདི་གླིང་ཕྲན་ཞིག་སྟེང་ཡོད། ;1
ན་གཞོན་ཞིག་ལ་ལག་པར་མཛུབ་རྟགས་ཞིག་ཡོད། ;cause;མོ་ལ་དུག་སྦྲུལ་ལ་འཇིགས་པ་ཡོད། ;མོ་ལ་ངོ་རྒོལ་བྱེད་འདོད་འདུག ;1
ངའི་ཁང་པའི་ཕྱི་རོལ་དུ་བསྡད་ཡོད་པའི་མི་ངོ་མི་ཤེས་པའི་སྣུམ་འཁོར་ཞིག ;effect;ངས་ཁོ་ཚོར་དོགས་པ་ཆགས་པ་རེད། ;ངས་ཁྲིམས་སྲུང་འགག་སྡེ་ལ་འབོད་པ་ཡིན། ;0
ཉེས་ཅན་གྱིས་རང་ཉིད་རྩིས་སྤྲོད་བྱས་འདུག ;cause;གསལ་སྟོན་གྱི་རྒྱུ་མཚན་ནི་ཁོང་རང་རེད། ;ཁོ་ལ་སྐྱོན་བརྗོད་བྱེད་པའི་དཔང་པོ་གང་ཡང་མེད། ;0
མི་ཆེན་པོ་དེས་ kilo ཙམ་གཏོང་རྒྱུ་ཐག་བཅད་པ་རེད། ;effect;ཁོང་གིས་མངར་ཟས་སྤངས་པ་རེད། ;ཁོང་ཚོས་ཀོ་ཕི་ནའི་རིགས་མི་འཐུང་ངོ་། ;0
བུ་མོ་དེ་འཁྱགས་རིའི་སྟེང་རྐང་པ་བབས་སོང་། ;effect;མོ་ཤིས་ཕུད་སོང་། ;མོ་འདར་བ་རེད། ;0
བུད་མེད་དེ་ལ་མིག་གི་འོག་གི་འཁོར་ལོ་བཞིན་ཡོད། ;cause;མཚན་གང་གཉིད་མ་སད་པ་རེད། ;ཁོང་རང་གི་བུ་ལ་ཉལ་དུ་བཅུག་པ་རེད། ;0
མེ་རི་པི་རི་ནི་མེ་ལྕེའི་སྟེང་ནས་འབབ་པའི་རྡོ་རིགས། ;cause;མེ་ལྕེའི་རླུང་གིས་འབར་བ་རེད། ;མེ་ལྕེའི་རླུང་གིས་གནོད་སྐྱོན་མ་བཏང་བ་རེད། ;0
བུད་མེད་དེས་ལྷམ་གྱོན་པ་རེད། ;cause;མོས་ཚོགས་པའི་ནང་ཡོད་པའི་མི་ཚང་མ་ངོ་ཤེས་པ་རེད། ;མོ་ནི་ཚོགས་པ་ནས་འགྲོ་འདོད་འདུག ;1
ངས་ཁྲལ་ལེན་སའི་ཁང་མིག་གི་ལས་བྱེད་པར་གླ་སྤྲོད་བྱས་པ་ཡིན། ;effect;མོ་གིས་ང་ཁྲལ་ཁང་ནས་འགྲོ་རུ་བཅུག་པ་ཡིན། ;མོ་ང་ལ་ཁྲལ་ཁང་དུ་བཀག་སོང་། ;0
ལས་འཛིན་གྱི་བུ་ལོ་བཞིན་ཆིབས་སྒྱུར་བསྐྱངས་པ། ;cause;ཁོང་རང་གི་ཚོང་ལས་ཀྱི་ཚོང་ཟོག་བཙོང་སོང་། ;ཁོང་རང་གི་རྒྱུ་ནོར་རླག་སོང་བ་རེད། ;1
མི་དེས་སྨན་པར་ཕྱིན་པ་རེད། ;cause;སྨན་པ་དེས་ངལ་གསོ་ལེན་བཞིན་ཡོད། ;མི་དེས་རང་ལ་སྨན་པ་མ་བྱུང་སྙམ་པ་རེད། ;1
ངས་སྒེ་ཁུང་ནས་ངའི་ཉལ་ཁང་ནས་ཐོན་སོང་། ;cause;ཁང་པ་མེ་འབར་བཞིན་འདུག ;ཁང་པ་སྟོང་པ་འདུག ;0
བུ་དེའི་མཛུབ་མོ་བཙན་པོ་ཆགས་པ་རེད། ;cause;ཁོ་ནི་ཆུ་སྦང་ཡུན་རིང་ཞིག་བྱས། ;ཁོ་ཡིས་རང་གི་ལག་པར་ཟངས་ཁུ་བྱུག་བཏང་། ;0
ངས་འོ་མ་འབུད་པ་ཡིན། ;cause;འོ་མ་དེ་ཁ་ཏིག་གི་བྲོ་བ་ཡོད། ;ཁ་ནི་སྐམ་པོ་འདུག ;0
ང་བཱསི་མ་ཐོན་སོང་། ;effect;ངས་ལས་ཀ་ལ་སྔ་པོ་སླེབས་པ་ཡིན། ;ལས་ཀ་བྱེད་རྒྱུ་ལ་འགྱངས་སོང་། ;1
སྣུམ་འཁོར་འདི་ཤིང་རྟ་དང་བརྡབ་སོང་། ;effect;སྣུམ་འཁོར་འདི་མགྱོགས་པོར་ཕྱིན་སོང་། ;སྣུམ་འཁོར་དེ་བརྡབ་སྐྱོན་ཤོར་སོང་། ;1
ཚོགས་པ་དེས་འགྲན་བསྡུར་ལ་གོ་སྐབས་སྤྲོད་པ་རེད། ;effect;ཁོང་ཚོས་རྒྱལ་རབས། ;ཁོང་ཚོས་སློབ་གྲྭ་ནས་ཕྱིར་འཐེན་བྱས་པ་ཡིན། ;0
སའོ་ཌ་ཡི་སྣུམ་བུམ་པ་གིས་སྐད་ཅོར་བརྒྱབ་འདུག ;cause;ངས་ཁུ་བ་ཁ་བསྒྱུར་པ་ཡིན། ;ངས་ཁེབས་དེ་ཁ་བསྒྱུར་པ་ཡིན། ;1
བུ་ཆུང་དེ་ཁྱིམ་ནས་སྒོ་རྒྱབ་ནས་བཞག་འདུག ;effect;ཁོང་སྒེ་ཁུང་ཁ་ཕྱེས་ནས་ནང་དུ་འཛུལ་བ་རེད། ;ཁོ་ནི་ཁང་པའི་ཐོག་ལ་ཡར་འཕགས་སོང་། ;0
སྒོ་ཡི་སྒྲ་སྒྲོགས་སོང་། ;effect;མགྲོན་པོ་དེས་སྒོ་རྡུང་ཞིག་རྡུང་འདུག ;བུད་མེད་དེས་སྒོ་ཡི་ལྡེ་མིག་ནས་མིག་ཟུང་བལྟས་པས། ;1
མི་དེས་རང་གི་གྱོན་གོས་ལ་རེག་པ་བཏང་འདུག ;effect;ཁོ་ཡིས་ཆུས་གཙང་བཟོས་པ་རེད། ;ཁོང་རང་གི་སྒམ་ནང་བཞག་ཡོད། ;0
བུ་མོ་དེས་སོ་སྨན་སྣུམ་གྱི་སྣུམ་ཁུག་པ་སོང། ;effect;སོ་སྨན་ནི་ཐབ་ནས་ཐོན་སོང་། ;བུ་མོ་དེས་སོ་སྨན་འབུ་སོང་། ;0
དམག་འཁྲུག་ནང་མི་སེར་གྱི་སྲོག་བཅད་པའི་གྲངས་འབོར་ཆེ་རུ་ཕྱིན་འདུག ;effect;ཞི་བདེ་བ་རྣམས་ཀྱིས་ངོ་རྒོལ་བྱས་པ། ;ཞི་བདེ་བ་རྣམས་ཀྱིས་དུས་སྟོན་ཞིག་སྲུང་བརྩི་བྱས་པ་ཡིན། ;0
བུ་མོ་དེས་སྐྲ་ནས་རས་པ་འཐེན་སོང་། ;cause;མོ་ཡིས་ཐིག་ལེ་བསྡམས་པ་རེད། ;སྐྲ་རས་དེ་ཕྲུ་གུ་ལྟ་བུ་ཞིག་འདུག ;1
མི་དེས་ངོ་སྤྲོད། ;effect;ཁོང་རྒས་སོང་། ;ཁོང་ལོ་ཆུང་བ་ཞིག་མཐོང་བྱུང་། ;1
བྱ་ཕྲུག་ཞིག་སྒོ་ང་ནས་ཐོན་སོང་། ;cause;卵蛋 ;ངས་སྒོ་ང་དེ་བཅག་པ་ཡིན། ;0
བཙོན་པ་དེས་མུ་གེས་འཆི་སོང་། ;effect;ཁོང་ཤི་སོང་། ;ཁོ་བྲོས་སོང་། ;0
མི་དེས་ཐེམ་སྐས་སྟེང་གི་དྭངས་ཚད་ཉམས་སོང་། ;effect;ཁོ་ནི་ཐེམ་སྐས་ནས་ཡར་འཕགས་སོང་། ;ཁོ་ནི་ཐེམ་སྐས་ནས་ལྷུང་སོང་། ;1
བུ་ཆུང་གིས་བྲང་པ་འཐེན་སོང་། ;cause;ཁོང་གིས་ཆུ་འཐུང་འཐུང་བ་རེད། ;ཁོང་གིས་སའོ་ཌ་བུམ་པ་ཁ་ཕྱེས་པ་རེད། ;0
ཁུ་བ་གྲང་པོ་ཞིག་སྒེ་ཁུང་ནས་འཛུལ་སོང་། ;effect;ངས་སེམས་གསོ་བྱས་པ་ཡིན། ;ངས་འདར་བ་བྱུང་། ;1
སློབ་ཕྲུག་དེ་ལ་མཐོ་སློབ་ཀྱི་སློབ་ཡོན་ཞིག་ཐོབ་པ་རེད། ;cause;སློབ་ཕྲུག་གྲོགས་པོ་རྣམས་ཀྱིས་མོ་ལ་གུས་ཞབས་བྱེད་ཀྱི་ཡོད། ;མོ་ལ་རྟགས་མཚན་ཡག་པོ་ཐོབ་ཡོད། ;1
བུ་མོ་དེས་བུ་ལ་འཕྱ་དག ;cause;ཁོ་མོའི་ཁྱིམ་མཚེས་ཡིན། ;ཁོ་མོ་ཁོ་ལ་སེམས་ཤོར་སོང་བ་རེད། ;1
ལྟོགས་པའི་འདམ་པོ་དེས་ཟས་རྐུས་པ་རེད། ;cause;ཁོང་གིས་སྙིང་རྗེ་ལ་བསྐུལ་བ་རེད། ;ཁོང་ལ་དངུལ་མེད་པ་རེད། ;1
ངས་རང་གི་གྲོགས་པོ་ལ་སྐད་ཆ་ཤོད་པར་འབོད་པ་ཡིན། ;cause;ངས་རང་དབང་ཡོད་འདོད་བྱུང་། ;ང་རང་གཅིག་པུར་གནས་པ་ཚོར་ཚོར་བ་བྱུང་། ;1
མི་དེས་ང་ལ་ཕྱག་བརྐྱངས་བྱུང་། ;effect;ངས་ཁོང་དང་ལག་པར་འཐབ། ;ངས་ཁོ་ལ་རྡབ་རྡབ་བཏང་། ;0
ངས་གོམ་པ་སྤོས་པ་ཡིན། ;cause;མེ་འབར་བ་རྣམས་རླུང་ལ་འཕུར་སོང་། ;ཕིསི་བྷི་དེ་ངའི་མགོ་ལ་འཕུར་སོང་། ;1
བུ་མོ་དེས་རང་གི་རྨིག་པ་སོ་བཏབ་པ་རེད། ;cause;མོ་སེམས་ཁྲལ་ཆེན་པོ་རེད། ;མོ་ཧ་ལས་པ་རེད། ;0
ངས་དུས་དེབ་ཀྱི་ཤོག་ངོས་འདི་བསྒྱུར་པ་ཡིན། ;cause;ངས་དུས་དེབ་ནང་དུས་ཚོད་བཀོད་ཡོད། ;ཟླ་བ་གསར་པའི་འགོ་འཛུགས། ;1
ཁྱོ་ག་དེས་རང་གི་ཆུང་མས་གཞན་ཞིག་དང་ཆགས་པ་ཡོད་པར་ཤེས་པ་རེད། ;effect;ཁོང་རང་གི་ཁྲིམས་རྩོད་པ་ལ་གློད་གྲོལ་བཏང་འདུག ;ཁོང་ཁྱོ་ག་དང་ཁ་བྲལ་གྱི་ཁྲིམས་ཐག་བཅད་ཡོད། ;1
བུ་མོ་དེས་གོམ་བགྲོད་རྩེད་ཐང་ཞིག་ཕབ་སོང་། ;effect;པོ་ལིས་འཕུར་སོང་། ;གློག་球མེ་འབར་སོང་། ;0
བུ་མོ་དེས་བརྟག་དཔྱད་སྐབས་ནོར་འཁྲུལ་ཞིག་བཟོས་པ་རེད། ;effect;མོས་ལན་དེ་གཏན་ནས་ཤེས་པ་རེད། ;མོ་གིས་ལན་འདེབས་སུབ་པ་རེད། ;1
རྩེད་འགྲན་པ་དེས་རང་གི་དགྲ་བོར་འགྲན་བསྡུར་བྱས་པ་ཡིན། ;effect;ཁོང་གིའ་གྲས་སུ་འགྲོ་བཞིན་ཡོད། ;ཁོ་ཡི་དགྲ་བོར་ས་ལ་འཕེན་སོང་། ;1
ངས་ཤིང་འབྲས་ནས་ཏམ་ཁུ་བླངས་པ་ཡིན། ;cause;ཚོད་ཟིན་པ་རེད། ;ངས་ཆུ་བཏང་། ;0
མི་དེས་བྱམས་བརྩེའི་རྣམ་པ་སྟོན་འདོད་འདུག ;effect;ཁོང་རང་གི་བུམོ་གསར་པ་མཉམ་དུ་ཉིན་གུང་གི་ཟས་ཟ་བཞིན་ཡོད། ;ཁོང་རང་གི་བུད་མེད། ལ་ཤོ་ཀལ་ཉོས་སོང་། ;1
ཐེར་མོཊ་ཚད་ཀྱི་མེ་ཁུ་རི་ཡར་འཕར་སོང་འདུག ;cause;ངས་དྲོད་ཚད་འཇལ་འཕྲུལ་ཕུད་སོང་། ;གནམ་གཤིས་དྲོད་ཆེ་རུ་ཕྱིན་པ། ;1
རླུང་འཚུབ་ཞིག་གྲོང་རྡལ་བརྒྱུད་སོང་བ་རེད། ;effect;ཁྲིམས་ཁང་གི་ཐོག་ཁང་གི་ཐོག་ཁང་དེ་རླུང་གིས་གཏོར་ནས་རླག་སྟོར་ཕྱིན་པ་རེད། ;གཞུང་ལམ་དེ་ཁ་བ་ཆེན་པོ་ཆགས་པ་རེད། ;0
སློབ་ཕྲུག་ལ་སློབ་གསོ་ཐོབ་ཡོད། ;effect;ཁོང་གི་སློབ་གྲྭའི་རྟགས་མ་ཡར་རྒྱས་སོང་བ་རེད། ;ཁོང་གིས་བརྟག་དཔྱད་ལ་གཡོ་སྒྱུ་བྱས། ;0
ངས་རང་ཉིད་བདེ་པོ་འདུག ;cause;ངས་ས་ལ་པུས་མོ་བཙུགས་པ་ཡིན། ;ངས་རང་ཉིད་ཁེབས་ཤིག་ནང་བཀབ་པ་ཡིན། ;1
ངས་རྡོ་དེ་དཀར་པོར་བཟོས་པ་ཡིན། ;effect;འདྲེས་པ་ཆགས་པ་རེད། ;དེ་ནི་འོད་མདངས་ཅན་དུ་གྱུར་འདུག ;1
ངས་ཀཱ་ཕི་ལ་སག་ཏར་སྣོན་པ་ཡིན། ;effect;ཀ་ཕའི་དྲི་ཞིམ་ཤུགས་ཆེན་པོ་འདུག ;ཀ་ཕེ࿒ ཁ་དོག་ཡག་པོ་འདུག ;1
མི་དེས་ཤོག་བུའི་ནང་ལ་དཔྱད་ཞིབ་བྱས་པས། ;effect;ཁོ་ལ་ཤོག་ལེབ་ལ་རྨས་སྐྱོན་བྱུང་འདུག ;ཁོ་ཡིས་ཤོག་སྒྲིལ་རྣམས་དུམ་བུར་བཏང་། ;0
ངས་ལྕགས་ཀྱུ་ཞིག་ལག་ཏུ་བཟུང་ནས་གོམ་པ་བརྡབས་པ་ཡིན། ;effect;མདུང་ཤིང་གི་ནང་ལ་ལྷུང་སོང་། ;མགུ་གུད་དེ་ལྕགས་ལ་ཟོས་པ་རེད། ;0
ཉ་དེས་དྲ་བ་ལ་སོ་བཏབ་པ་རེད། ;effect;ཉ་པ་དེས་ཉ་ལ་རིལ་བུར་འཐེན་སོང་། ;ཉ་རྔོན་པ་དེས་དྲ་བ་བསྐྱར་དུ་འཐེན་པ་ཡིན། ;0
ན་གཞོན་སློབ་གྲྭར་འགྲོ་རྒྱུར་ངོ་ཚ་བ་རེད། ;cause;མོ་ལ་པགས་ནད་ཞིག་འདུག ;མོ་ལ་སྐྱ་ཐག་ཕུད་འདུག ;0
ངའི་གདོང་གི་རྣམ་པ་གསལ་པོར་མངོན་བྱུང་། ;cause;ངས་འཕྲིན་བཟང་ཞིག་ཐོབ་བྱུང་། ;ངའི་བཟོད་བསྲན་ཉམས་སོང་། ;0
ངས་ལག་རྩལ་གྱི་སྣེ་མོ་ཞིག་བླངས་ནས་ངའི་ལག་པར་སུབ་པ་ཡིན། ;cause;ཐ་ཝལ་དེ་ཆུ་ལ་རླངས་འདུག ;ངའི་ལག་པ་ཁ་སྐོམ་འདུག ;1
མི་དེས་རྐ་ཁྲིར་རང་ཚོད་མ་ཟིན་པ་རེད། ;cause;ཁྲི་དེ་ཁོང་གི་འོག་ནས་འགུལ་སོང་། ;ཁོ་ཡིས་བལ་ལ་རི་མོ་གཏོར་སོང་། ;0
ཝང་ཀོང་གི་སྡེ་ཚན་གྱི་འཐུས་མི་ཚོས་ཕན་ཚུན་སྐྱོན་བརྗོད་བྱས་འདུག ;cause;ཁོང་ཚོས་རྩེད་འགྲན་ཤོར་སོང་། ;ཁོང་ཚོའི་སློབ་སྦྱོང་བ་གྱིས་སྦྱོང་བརྡར་མཚམས་འཇོག་བྱས་འདུག ;0
ངས་བཟོད་གསོལ་ཞུས་པ་ཡིན། ;cause;ངས་རང་གི་ནོར་འཁྲུལ་ལ་འགྱོད་བཤགས་བྱས་པ་ཡིན། ;ངས་རང་གི་དམིགས་ཡུལ་གྲུབ་བྱུང་། ;0
བུད་མེད་དེ་ལ་མོ་མཉམ་དུ་འགྲོ་བའི་དུས་སུ་སུན་སྣང་བྱུང་སོང་། ;cause;ཁོ་མོས་མོ་རང་སྐོར་དྲི་བ་དྲིས་པ་རེད། ;ཁོང་རང་ཉིད་ཀྱི་སྐོར་ཡང་ཡང་གླེང་བཞིན་འདུག ;1
བུ་མོ་དེས་གད་མོ་ཞིག་འཁྱུགས་སོ། ;effect;མོའི་འགྲམ་པ་དམར་པོ་ཆགས་པ་རེད། ;མོ་ལ་རྨ་ཁ་ཞིག་མངོན་བྱུང་། ;1
དགྲ་བོའི་གྲུ་གཟིངས་འཕུར་སོང་། ;cause;ས་གཏེར་གྱི་སྟེང་ནས་ཆིབས་སྒྱུར་བསྐྱངས་སོང་། ;གྲུ་གཟིངས་དེ་གྲུའི་ཁུག་ཏུ་འཛུལ་སོང་། ;0
མི་དེས་རྐང་པ་རྡོག་བརྫིས་བཏང་། ;cause;ཁོ་ཆུ་རྫིང་ཞིག་གི་ནང་འཛུལ་སོང་། ;ཁོ་ཤེལ་དུམ་བུར་རྐང་པ་བབས་སོང་། ;1
ཁྲིམས་ཞིབ་པ་ཚོས་ཉེས་སྐྱོན་བྱུང་སའི་ས་ཁོངས་ནས་མཛུབ་རྟགས་འཚོལ་བཞིན་ཡོད། ;effect;ཁོ་ཚོས་སྲོག་གཅོད་བྱེད་མཁན་གྱི་ངོ་རྟགས་རྙེད་པ་རེད། ;དབྱར་རྩྭ་དགུན་འབུའི་ས་ཁོངས་ནས་མཚོན་ཆ་རྙེད་འདུག ;0
གཞུང་ལམ་སྟེང་འགྲུལ་ལམ་མང་པོ་འདུག ;effect;ངས་ལམ་གཞན་ཞིག་ནས་སོང་བ་ཡིན། ;ངས་ཁྱེད་རང་མཉམ་དུ་འགྲོ་དགོས་ཞུས་པ་ཡིན། ;0
རྒྱལ་ཁབ་ཀྱི་དཔལ་འབྱོར་ཉམས་ཆག་བྱུང་ཡོད། ;effect;མི་མང་པོ ་ ནད་རིམས་ཀྱིས་མནར་བ་རེད། ;མི་མང་པོས་ལས་ཀ་མ་ཐོབ་པ་རེད། ;1
སྲུང་དམག་གིས་ཕྲུ་གུ་རྣམས་ལ་རྟ་ལྕག་འབུད་པ་རེད། ;cause;ཁོང་གཉིས་ནི་ལམ་དཀྱིལ་ནས་འགྲོ་གྲོན་བྱེད་མཁན་གྱི་སྣེ་འཁོར་གྱི་ལམ་དུ་འགྲོ་གྲབ་བྱས་པ་རེད། ;མོ་ཁོང་ཚོ་རང་གི་ཉེ་འཁོར་ནས་ངོ་ཤེས་པ་རེད། ;0
ངས་རང་གི་གྲོགས་པོ་ལ་མིག་ལོག་བཏང་། ;cause;ཁོང་གིས་ང་ལ་བདེན་པར་བཤད་བྱུང་། ;ཁོང་གིས་དགོད་བྲོའི་གཏམ་ཞིག་བཤད་བྱུང་། ;1
སྣུམ་འཁོར་ནང་སྣུམ་མ་ལུས་པས། ;effect;སྣུམ་འཁོར་དེད་དཔོན་གྱིས་ལམ་ཁར་ལུས་པ། ;ཊི་ཇར་གྱིས་ཨང་ཀི་ཊི་མི་ཊར་གཅིག་ལ་ལེན་པ་རེད། ;0
བུད་མེད་དེ་ལ་ཕྲུ་གུ་སྐྱེ་བཞིན་འདུག ;effect;བུ་འདི་སྐྱེས་པ་རེད། ;བུད་མེད་དེ་ལ་ཞོགས་པའི་ནད་གཞི་བྱུང་། ;0
མི་དེའི་མགོ་རིལ་རླུང་གིས་འཁྱེར་སོང་། ;cause;ཁོ་ཡིས་མགོ་དཀྲི་ཕུད་སོང་། ;ཕྱི་རུ་རླུང་ཤུགས་ཆེན་པོ་འཕུར་བཞིན་འདུག ;1
བུ་མོ་དེ་སློབ་གྲྭའི་གྲོགས་པོ་ཞིག་གི་འཁྲུངས་སྐར་ལ་ཕེབས་པ་རེད། ;cause;ཁོ་ལ་གདན་ཞུ་ཞིག་ཐོབ་འདུག ;མོ་ལ་ཕྱག་རྟགས་ཞིག་ཉོས་ཡོད། ;0
བུ་དེའི་མགོ་བོ་ལ་དྲོད་པོ་འདུག ;effect;ཁོང་གི་ཨ་མས་ཁོང་ལུས་ཀྱི་ཚ་ཚད་འཇལ་བ་རེད། ;ཨ་མས་ཁོ་ལ་ལྡུམ་ར་དུ་འཁྲིད་སོང་། ;0
མི་དེས་རང་ཉིད་ལ་ཀོ་ལིན་ཆུ་གཏོར་འདུག ;cause;ཁོང་རང་གི་བགྲོ་གླེང་ཚོགས་འདུར་ངོ་མཚར་འདོད་འདུག ;ཁོང་རང་གི་སྐྲ་ལ་སྨན་རྫས་བླུགས་པ་རེད། ;0
ཁྱིམ་ནང་གི་གློག་མེ་དེ་ཆད་འདུག ;effect;ངས་གློག་མེ་ཞིག་འཚོལ་བཞིན་ཡོད། ;ངས་སོག་མ་ཞིག་བླངས་པ་ཡིན། ;0
ཁྱིམ་ཚང་དེ་ཁང་པ་ཆེན་པོ་ཞིག་ཏུ་གནས་སྤོས་བྱས་པ་རེད། ;cause;བུ་དེ་མཐོ་རིམ་སློབ་གྲྭ་ནས་སློབ་སྦྱོང་བྱས་ཡོད། ;ཨ་མ་ལ་བུ་མཚེ་མ་སྐྱེས་བྱུང་། ;1
མཱ་ར་ཐུན་རྒྱུག་མཁན་དེས་དུས་ཡུན་ཐུང་ངུ་ཞིག་བསྐྱངས་སོ། ;cause;མོ་ལ་ནུས་ཤུགས་གསོག་འཇོག་བྱེད་འདོད་འདུག ;མོས་མཐའ་མའི་ཐིག་ལ་བལྟས་པས། ;0
བུ་དེས་ཚོང་ཆས་ལ་རྡེག་སོང་། ;cause;འཕྲུལ་ཆས་ཀྱིས་དངུལ་ཁུག་བཏང་། ;སྣུམ་འཁོར་གྱི་ཁུག་པ་ཁ་འཐོར་སོང་། ;1
ངའི་གྲོགས་པོའི་ཁྱི་ཤི་སོང་། ;effect;ངས་མིག་གཉིས་འཁོར་ནས་ཁོ་ལ་བལྟས་པ་ཡིན། ;ངས་ཁོ་ལ་འཐེན་པ་ཡིན། ;1
ཚོང་པའི་ལག་འཁྱེར་འདི་ལ་ཁས་ལེན་མ་བྱས་སོ། ;effect;ཁོས་བུ་ལོན་ཞིག་བྲིས་འདུག ;དངུལ་རྐྱང་སྤྲོད་ཀྱི་ཡོད། ;1
མི་དེས་དམོད་མོ་རྒྱབ་སོང་། ;cause;ཁོ་རང་གིས་རྨིག་པ་བཏོག་པ་རེད། ;ཁོང་རང་གི་རྐང་པ་རྡོག་རྡོག་བརྒྱབ་པ་རེད། ;1
མི་དེས་རང་གི་སྤུན་ལ་སྤོབས་པ་བྱུང་། ;cause;ཁོང་གི་སྤུན་གྱིས་ཁོང་ཚོའི་ཕ་མ་གཉིས་དང་རྩོད་གླེང་བྱས་པ་རེད། ;ཁོང་གི་སྤུན་མཆེད་ཁྲིམས་སྦྱོང་ལ་ཞུགས་པ་རེད། ;1
བུ་མོ་དེས་ཉི་མའི་ལམ་ལུགས་ཀྱི་སྐོར་ཤེས་འདོད་འདུག ;effect;མོ་དཔེ་མཛོད་ཁང་དུ་སོང་འདུག ;མོ་སྐར་མ་ལ་བལྟས་པས། ;0
ཤོག་བྱང་དེ་རྩིག་པར་སྦྱར་འདུག ;cause;ངས་སྒོའི་སྟེང་གི་དྲ་མིག་ལ་དྲ་མིག་བཞག་པ་ཡིན། ;ངས་སྒྲོམ་དེའི་རྒྱབ་ངོས་ལ་གློག་ཀླད་ཀྱི་སྒྲོམ་ཞིག་བཏགས་པ་ཡིན། ;1
ཁང་པ་དེས་རྩིག་དཔོན་གྱི་ཁང་པའི་འཆར་གཞི་ལ་ངོས་ལེན་བྱས་འདུག ;effect;བཟོ་སྐྲུན་པ་ཡིས་ཁང་པ་བཞེངས་པ་ཡིན། ;བཟོ་རིག་པས་འཆར་གཞི་ལ་བསྒྱུར་བཅོས་བྱས་པ་ཡིན། ;0
མི་དེས་རང་གི་ལྡེ་མིག་ཕུད་སོང་། ;cause;ཁོ་ཡི་ལག་པ་འདར་བཞིན་འདུག ;ཁོ་ཡིས་ལྤགས་པ་ལྡད་སོང་། ;0
ལས་འཛིན་གྱི་འཛིན་སྐྱོང་པ་ལས་ དགོངས་ཞུ་སོང་འདུག ;effect;འཛིན་སྐྱོང་ཚོགས་ཆུང་གིས་ལས་སྡེ་དེ་ཕྱིར་འཐེན་བྱས་འདུག ;ཆེད་འཛིན་སྐྱོང་ཚོགས་ཆུང་གིས་ཁོང་གི་ཚབ་པ་ཞིག་རྙེད་བྱུང་། ;1
ངས་ཆོས་ཚན་ལ་དུས་འགྱངས་ནས་སླེབས་པ་ཡིན། ;effect;ངས་རྒྱབ་ཀྱི་གྲལ་རིམ་དུ་བསྡད་སོང་། ;ངས་པེ་ཌི་ཡམ་ལ་ཉེ་བར་སོང་བ་དང་། ;0
མི་དེའང་བཙོན་ཁང་ནས་ཕྱིར་བཏང་འདུག ;cause;ཁོང་རང་གི་ཁྱིམ་ཚང་གིས་ཁོ་ཆོའི་གཏའ་མར་དངུལ་སྤྲོད་པ་རེད། ;ཁོང་བཙོན་པ་གཞན་ཞིག་ལ་འཐབ་རྒོལ་བྱས་འདུག ;0
ཁྱིམ་ཚང་དེའི་རྒྱུ་དངོས་ཚང་མ་བརླག་སོང་། ;cause;ཁོང་ཚོས་ཁང་པ་བཙོང་སོང་། ;ཁོང་ཚོའི་ཁང་པ་མེ་ལ་ཤོར་སོང་། ;1
ངས་ཨ་ལུའུ་མིནི་སྣུམ་བུམ་པར་རྐང་པ་རྡོག་བརྫིས་བཏང་། ;effect;ཊེན་ནི་བསྐྱར་དུ་བེད་སྤྱོད་བྱས་པ་ཡིན། ;ཊེན་རྡོག་རྡོག་ཆག་སོང་། ;1
བུ་མོ་དེ་རྩོད་གླེང་ཚོགས་ཆུང་ལ་ཞུགས་པ་རེད། ;effect;མོ་ལ་གློག་ཀླད་བེད་སྤྱོད་བྱེད་སྟངས་སྦྱངས་ཡོད། ;ཁོ་མོས་སྐད་ཆ་ཤོད་སྟངས་སྦྱངས་པ་རེད། ;1
ངའི་སེམས་ཁམས་བདེ་བ་ཐོབ། ;cause;ངས་གླུ་གཞས་ཉན་པ་ཡིན། ;ངས་སྣོད་བཀྲུས་པ་ཡིན། ;0
སྦྱིན་པ་སྡེ་གིས་དངུལ་བསྡུ་བའི་དམིགས་ཡུལ། ;effect;ཁོང་ཚོས་ཁྱིམ་མེད་རྣམས་ལ་ཟས་བྱིན་གྱི་ཡོད། ;དེ་རྣམས་ཚོང་འབྲེལ་ཞིག་བྱེད་པ་ཡིན། ;1
རླངས་འཁོར་གྱི་འཁོར་ལོས་རི་མཐོན་པོ་ནས་མར་ཕབ་སོང་། ;effect;འགྲུལ་པ་རྣམས་ཀྱིས་གད་མོ་གད་པ་རེད། ;འགྲུལ་པ་རྣམས་ཀྱིས་སྐད་ཅོར་བརྒྱབ་འདུག ;1
ང་ཁྲོས་སོང་། ;effect;ངས་ཁང་པ་ནས་ཐོན་པའི་རྗེས་སུ་ཡི་གེ་སྒམ་ལ་དཔྱད་པ་ཡིན། ;ངས་ཁང་པ་ནས་ཐོན་སྐབས་སྒོ་རྒྱག་པ་ཡིན། ;1
མི་དེས་ཉི་མ་ཤར་བ་བལྟ་འདོད་འདུག ;effect;ཁོང་བྱང་ཕྱོགས་སུ་ཕེབས་པ་རེད། ;ཁོ་སྔ་ལངས་པ་རེད། ;1
ངས་ཤོག་སྒྲིལ་དེ་སྒྲིལ་སོང་། ;effect;ངས་ཤོག་ལེབ་དེ་བསྐྱར་བཟོ་བྱས་པ་ཡིན། ;ཤོག་ལེབ་དེ་རིལ་བུར་གྱུར་འདུག ;1
རྒྱལ་ཁམས་འདི་རང་བྱུང་རྐྱེན་ངན་ལ་བཟོད་བསྲན་བྱས་ཡོད། ;effect;རྒྱལ་ཁབ་གཞན་གྱི་སྲིད་སྐྱོང་པ་ཚོས་མཐུན་འབྲེལ་ཞིག་བཟོ་པ་རེད། ;རྒྱལ་ཁབ་གཞན་གྱི་འགོ་ཁྲིད་ཚོས་ཉེན་རྟོག་གི་རོགས་རམ་བཏང་། ;1
བུ་དེའི་གྱོན་གོས་ཆུས་སྦངས་སོང་། ;cause;ཁོང་ཆུ་རྫིང་ནས་ཡར་ཐོན་སོང་། ;ཁོང་ཆུ་ལ་ལྷུང་སོང་། ;1
སློབ་ཕྲུག་དེས་མྱུར་དུ་དེབ་དེ་མཇུག་བསྡུ་སོང་། ;cause;ཤོག་སྒྲིལ་འདི་དཔེ་མཛོད་ཁང་དུ་བསྐྱལ་དགོས་པ་རེད། ;ཁོས་རང་གི་གྲོགས་པོ་ནས་ལེན་པ་རེད། ;0
ཉེས་ཅན་དེ་བསད་འདུག ;cause;ཁོང་བཙོན་དུ་བཅུག་པ་རེད། ;ཁོ་ལ་སྲོག་གཅོད་ཀྱི་ཉེས་སྐྱོན་ཕོག་འདུག ;1
ཉི་མའི་འོད་ཟེར་ཁང་མིག་ནང་དུ་འཛུལ་སོང་། ;cause;ངས་ཡོལ་བ་ཁ་ཕྱེས་པ་ཡིན། ;ངས་སྒོ་ཕྱེས་པ་ཡིན། ;0
ངས་རྫུན་བཤད་མཁན་གྱི་སྐྲ་འཐེན་པ་ཡིན། ;effect;མོ་ལ་སྐྲ་ཞར་མ་ཞིག་ཕུད་སོང་། ;མོ་ལ་སྐྲ་དཀར་སོང་བ་རེད། ;0
རྩོམ་སྒྲིག་པས་རྩོམ་ཡིག་ནང་གི་ཚིག་ཅིག་ལ་ཚིག་བསྒྱུར་བྱས་འདུག ;cause;ཁོ་ལ་རྩོམ་ཡིག་དེ་ཡིད་དུ་འོང་བ་ཞིག་རེད་འདུག ;ཁོང་གིས་ཁྲིམས་ཐག་གསལ་པོ་མ་འདུག་པར་ངོས་འཛིན་བྱས་འདུག ;1
བུད་མེད་དེས་མོ་ཡི་དངུལ་ཁུག་གི་རྩིས་ཁྲ་ཕྱིར་འཐེན་བྱས་འདུག ;cause;མོ་ལ་ལག་འཁྱེར་དེ་མེད་པ་དེ་ཤེས་པ་རེད། ;མོ་ལ་ལག་འཁྱེར་དེ་དུས་བཀག་ཟིན་པ་ཤེས་བྱུང་། ;0
སྐྱེས་པ་དང་བུད་མེད་གཉིས་བརྩེ་བར་གྱུར་སོང་། ;effect;ཁོང་གཉིས་མཐོ་སློབ་དུ་ཞུགས་པ་རེད། ;ཁོང་གཉིས་གཉེན་སྒྲིག་བྱས་པ་ཡིན། ;1
སྒྲ་ནི་གོ་ཐོས་ཀྱི་ཆེད་དུ་ཤུགས་མེད་པ་རེད། ;effect;ངས་སྐད་ཆ་ཤུགས་ཆེ་རུ་བཏང་། ;ངས་རང་ཉིད་ཀྱི་གླུ་ཞིག་བརྩམས་པ་ཡིན། ;0
བུ་དེའི་སྐྲ་ནི་ཡར་ལངས་ཏེ་འདུག ;cause;བུ་མོ་དེས་དེ་ཧྲལ་སོང་། ;བུ་མོ་དེས་ཕྱིར་འཐེན་བྱས་འདུག ;0
འབུ་སྲིན་དེ་ཆག་སོང་། ;cause;ངས་རང་ཉིད་ལ་འབུ་སྲིན་དེད་བྱེད་རྫས་གཏོར་བ་ཡིན། ;ངས་སྦྲུལ་གྱི་སྟེང་དུ་རྐང་པ་རྡབ་པ་ཡིན། ;1
ངས་མིག་ཕྱེས་པ་ཡིན། ;cause;ངས་གཉིད་སད་བྱུང་། ;ངས་སེམས་གསོ་བྱས་པ་ཡིན། ;0
ངའི་ཁྱིམ་མཚེས་ཀྱི་གླུ་དབྱངས་ཤུགས་ཆེན་པོ་འདུག ;effect;ངས་ཁོ་ལ་དེ་ཕབ་ལེན་བྱེད་དུ་བཅུག་པ་ཡིན། ;ངས་ཁོང་ནས་ CD ཞིག་ལེན་པར་ཞུས་པ་ཡིན། ;0
མི་དེའི་ནང་མི་རྣམས་དབུལ་པོ་རེད། ;cause;ཁོང་རང་གི་དངུལ་འབོར་ལ་ཟབ་ཟབ་བྱེད་ཀྱི་ཡོད། ;ཁོང་གླ་ཚད་ལས་ཉུང་བ་ཐོབ་ཡོད། ;1
སློབ་ཕྲུག་དེ་མཐོ་སློབ་ནས་སློབ་ཐོན་པ་རེད། ;effect;ཁོ་ལས་ཀ་འཚོལ་བཞིན་བསྡད་འདུག ;ཁོང་རང་དགེ་འདུན་པ་ཞིག་ཆགས་པ་རེད། ;0
སྒྱུ་རྩལ་པ་དེས་རི་མོ་སེར་པོ་རི་མོ་སྔོན་པོ་དང་མཉམ་དུ་བསྲེས་པ་རེད། ;effect;ཚོས་གཞི་གང་སར་ཐིག་ལེ་འཐོར་སོང་། ;འབྲི་རྩོམ་དེ་ལྗང་ཁུ་རུ་འགྱུར་སོང་། ;1
ངས་གཏམ་གླེང་གི་གནད་དོན་བསྒྱུར་བ་རེད། ;cause;ངས་བརྗོད་རྒྱུ་གང་ཡང་ལྷག་མ་སོང་། ;གྲོས་མོལ་ཤུགས་ཆེན་པོ་བྱུང་སོང་། ;1
ངའི་སྤུན་སྨན་ཁང་ནས་ཕྱིར་ཐོན་སོང་། ;effect;ངས་ཁོ་ལ་ཁྱིམ་དུ་དགའ་བསུ་ཞུས་པ་ཡིན། ;ངས་ཁོ་ལ་སེམས་ཁྲལ་བྱེད་རྒྱུ་མཚམས་འཇོག་བྱས་པ་ཡིན། ;0
སྟོན་ཁང་གི་ཡོལ་བ་ཡར་འཕེལ། ;effect;རྩེད་འགྲན་གྱི་འགོ་འཛུགས། ;རྩེད་འགྲན་པ་ཚོ་རྩེད་ཐང་ནས་ཐོན་སོང་། ;0
བཙན་བྱོལ་པ་ཞིག་གིས་བཙན་བྱོལ་པ་ཚོའི་བཀའ་སྲུང་བ་རེད། ;cause;བཙན་བྱོལ་པ་དེས་བཅོམ་པ་པོར་གནོད་འཚེ་གཏོང་རྒྱུའི་ཉེན་བརྡ་བཏང་། ;བཙན་བྱོལ་པ་དེས་ཁོ་གཅིག་པུར་བཙན་བྱོལ་དུ་བཞག་འདུག ;0
གློག་བརྙན་ཁང་གི་ཐོག་ནས་སྒྲ་སྐད་ཆེན་པོ་ཞིག་གྲགས་བྱུང་། ;cause;མུ་སིག་པ་དེས་རྐང་པ་རྡབ་བོ། ;མུ་སིག་པ་དེས་སྒྲ་སྙན་ལ་རྡུང་རྡེག ;1
ཕ་མ་གཉིས་མྱུར་དུ་བུ་མོའི་ཉལ་ཁང་དུ་ཕྱིན་པ་རེད། ;cause;བུ་ཆུང་ངུ་ངུ་སྐད་འདོན་ནས་རྨི་ལམ་མཐོང་ནས་གཉིད་སད། ;བུ་མོ་འདི་ཉལ་ཁྲི་འོག་ལ་བལྟ་བར་འཇིགས་ཀྱི་འདུག ;0
བུད་མེད་དེས་ལག་བརྡ་བཀོལ་ནས་གཏམ་བཤད་བྱུང་། ;cause;མོ་ནི་དུས་མ་བབས་པར་སྐྱེས་པ་ཡིན། ;མོ་ནི་སྐྱེས་མ་ཐག་ནས་འོན་པ་ཞིག་རེད། ;1
ས་ཁུལ་དེར་ཆུ་ལོག་བྱུང་འདུག ;effect;ཆུ་ལ་རེག་པ་ཆགས་པ་རེད། ;ཞིང་ཁའི་ཐོན་སྐྱེད་རྣམས་འཇིག་པ་རེད། ;1
猫追逐鸟 ;effect;བྱ་དེ་འཕུར་སོང་། ;བྱ་དེ་འབུ་ཞིག་བཟུང་སོང་། ;0
བུ་མོ་སློབ་གྲྭ་གཞན་ཞིག་ཏུ་ཕྱིན་པ་རེད། ;cause;སློབ་གྲྭ་ནས་དགུན་གྲོལ་བཏང་ཡོད། ;ཁོ་མོ་གྲོང་ཁྱེར་གསར་པ་ཞིག་ཏུ་གནས་སྤོས་བྱས་འདུག ;1
ལས་འགུལ་གྱི་བདག་པོ་གིས་ལས་མིའི་གླ་ཆ་ཡར་སེང་བྱེད་མ་འདོད། ;effect;སྦྱིན་བདག་གིས་ལས་འཛིན་པ་གསར་པ་ཞིག་བསྐོ་གཞག་བྱས་འདུག ;ལས་བྱེད་རྣམས་ལས་འགུལ་ལ་ཞུགས་པ་རེད། ;1
༸གོང་ས་མཆོག་གིས་རྒྱལ་ཁབ་ཀྱི་ནང་དྲག་རྩུབ་ཅན་ཚོར་ངོ་རྒོལ་བྱེད་ ;effect;ཕྱོགས་ལྷུང་མཁན་རྣམས་ཀྱིས་ཁོང་ལ་གནོད་འཚེ་བཏང་། ;ཚད་མཐོའི་ཆོས་ལུགས་ཀྱིས་ཁོང་བསད་འདུག ;1
ངས་རྒྱ་མཚོའི་འགྲམ་ལ་རྐང་རྗེན་མར་འགྲོ་བཞིན་ཡོད། ;effect;རྐང་པར་བྱེ་མ་འཐམས་སོང་། ;ཆུ་རུད་ཀྱིས་མཚོ་འགྲམ་ལ་གནོད་སྐྱོན་བཏང་། ;0
མཚན་མོར་གཉིད་སད་སྐབས་ང་གྲང་འདུག ;effect;ངས་ལུས་རྩལ་གྱི་གོས་གྱོན་པ་ཡིན། ;ངས་ཆུ་འཐུང་བ་ཞིག་འཐུང་སོང་། ;0
ཨ་མས་རང་གི་བུ་ལ་ཁ་རོག་བཏང་། ;cause;བུ་མོ་ནི་ཁ་གད་མོ་གད་མོ་གད་མོ་གད། ;བུ་མོ་ནི་ངར་སྐད་འདོན་བཞིན་འདུག ;1
ངའི་ཇིན་སིར་ལ་ས་དོང་ཞིག་བྲིས། ;cause;ངས་ཇིན་སིར་འཐེན་པ་ཡིན། ;ངས་ལམ་སྟེང་རྐང་པ་རྡོག་ནས་འགྱེལ་སོང་། ;1
བུ་དེས་སོར་ཆུད་ཀྱི་ལག་ཆ་བཏགས་ཡོད། ;effect;ཁོང་ལ་རྨ་ཁ་ཞིག་འདུག ;ཁོ་ཡི་སོ་ནི་དྲང་པོར་གྱུར་སོང་། ;1
ཁ་སང་རྩེད་ཁང་དུ་རྩེད་གྲོལ་བྱས་པ་ཡིན། ;effect;དེ་རིང་ངས་གཉིད་སད་སྐབས་ལུས་ཀྱི་ཤ་ཚིགས་ལ་རྨ་སྐྱོན་བྱུང་། ;དེ་རིང་ང་གཉིད་སད་སྐབས་སྐེ་ལ་ནད་བྱུང་། ;0
བུ་མོ་དེ་གཉིས་ཉིན་གུང་གི་བཟའ་བཏུང་གི་དུས་སུ་ཕན་ཚུན་སྐད་ཆ་ཤོད་ཀྱི་འདུག ;effect;སློབ་ཕྲུག་གཞན་རྣམས་དུས་ཆེན་གྱི་གསོལ་ལྕོག་ལ་བསྡད་དོ། ;ཟ་ཁང་གི་སློབ་ཕྲུག་གཞན་རྣམས་ཀྱང་སོ་སོར་སྣང་བ་འདུག ;1
བུ་ཆུང་དེ་ཏྲམ་པི་ལིན་ལ་ཕབ་སོང་། ;effect;མོ་གནམ་ལ་ལོག་ནས་འཕུར་སོང་། ;མོ་རང་ལ་འགྱེད་པའི་སེམས་འགུལ་ཞིག་བྱེད་འདོད་བྱུང་། ;0
ངས་ཡི་གེ་དེ་ཡིག་སྒོར་བཞག་པ་ཡིན། ;effect;ཆེད་ལས་ཁང་ནས་ཡི་གེ་སྐྱེལ་ཡོད། ;ཆེད་ལས་ཁང་གིས་ཡི་གེ་དེ་མྱུར་དུ་བཏང་། ;0
རྩེད་རྔན་གྱི་མི་ལ་ཡིད་ཆེས་ཆེན་པོ་ཡོད། ;effect;ཁོང་རང་གི་དངུལ་ཚང་མ་གླ་ཁར་བཙུགས་པ་རེད། ;ཁོ་དངུལ་མེད་སར་ལོག་སོང་། ;0
ནགས་ཚལ་མེ་རྐྱེན་ཁྱབ་འདུག ;cause;རླུང་ཤུགས་ཆེ་རུ་ཕྱིན་པ་རེད། ;མེ་སྐྱོན་གཏོང་མཁན་རྣམས་འཛིན་བཟུང་བྱས་འདུག ;0
བུ་ཆུང་གིས་ཁོང་གི་པུས་མོ་ལ་པགས་པ་བཤགས་སོ། ;effect;ཨ་མས་ཁོང་རང་གི་ཁང་མིག་ལ་བཏང་། ;ཁོང་གི་ཡུམ་གྱིས་རྨ་ལ་རས་པ་བཏགས་པ་རེད། ;1
མི་དེས་ནད་ཡམས་དྲག་པོ་ལས་ཐར་བ་རེད། ;cause;ཁོང་རང་གི་དགོངས་དོན་ལ་མཚན་རྟགས་བཀོད་ཡོད། ;ཁོང་ལ་ཡན་ལག་འགོག་བཅོས་བྱས་ཡོད། ;1
ངས་ཁུ་བ་འབར་བའི་ཀཱ་ཕི་འཐུང་སོང་། ;effect;ངས་རང་གི་ཁ་ལ་སོ་བཏབ་པ་ཡིན། ;ངས་རང་གི་ཁ་ལྕེ་བསྲེགས་པ་ཡིན། ;1
རྩོམ་པ་པོ་ལ་གློད་གྲོལ་བཏང་འདུག ;cause;རྩོམ་པ་པོ་དེས་རྩོམ་ཡིག་ནང་དུ་ཕྱོགས་རིས་མི་བྱེད་པ་རེད། ;རྩོམ་པ་པོ་དེས་དུས་བཀག་གལ་ཆེན་ཞིག་འགོར་སོང་། ;1
ངས་ལུས་སྟོབས་ཉམས་པ་ཆེན་པོ་འདུག ;cause;ཉིན་གང་གཉིད་ལོག་སོང་། ;ཉིན་གང་སློབ་སྦྱོང་བྱས་པ་ཡིན། ;1
སྨན་པ་དེས་ནད་པ་ལ་ནད་རྟགས་རྒྱག་པ། ;cause;མོ་གིས་ནད་པ་དེའི་ནད་རྟགས་རྣམས་ངོས་འཛིན་བྱས་པ་ཡིན། ;མོ་གིས་ནད་པ་ལ་སྨན་ཞིག་བཀོད་འདུག ;0
ངས་རང་གི་པགས་པ་ཧྲལ་བར་བྱས་པ་ཡིན། ;cause;ཧ་ཅང་གངས་ཅན་འདུག ;ཚོར་བ་ལ་ཚེར་ཚེར་འདུག ;1
མི་དེ་ལ་འཕྲལ་དུ་སྨན་བཅོས་ཀྱི་ལས་འགུལ་ཞིག་བྱས་པ་ཡིན། ;cause;ཁོང་ཁྲོས་སོང་བ་རེད། ;ཁོ་ལ་སེམས་ནད་ཞིག་བྱུང་འདུག ;1
མི་དེའི་ལག་པའི་རུས་ཚིགས་ཁ་དོག་ཆགས་པ། ;cause;ཁོ་ཡིས་ལག་པ་འཕྱར་བ་རེད། ;ཁོ་ཡིས་རང་གི་ལག་པ་སིལ་བུར་བཏང་། ;0
མི་དེས་མིག་དཔེར་ཡར་བཏེགས་པ་རེད། ;cause;ཁོང་རྣམ་རྟོག་ལངས་པ་རེད། ;ཁོང་སེམས་ཕམ་ཆེན་པོ་བྱུང་ངོ་། ;0
ངས་ངའི་ལས་རོགས་ཀྱི་ནོར་འཁྲུལ་ལ་དགོངས་ཡངས་བཏང་ཡོད། ;cause;ངས་ཁོང་གི་བསམ་ཚུལ་བཟང་པོ་ལ་ཡིད་ཆེས་བྱས་པ་ཡིན། ;ངས་ཁོ་ནི་ལེགས་པར་ཤེས་པར་ཡིད་ཆེས་བྱས་པ་ཡིན། ;0
མི་དེས་མུ་ཟི་འཐུང་རྒྱུ་མཚམས་འཇོག་བྱས་པ་ཡིན། ;effect;ཁོས་ལུས་རྩལ་མང་དུ་བྱེད་འགོ་ཚུགས་པ་རེད། ;ཁོང་སྔ་པོར་གཉིད་སད་འགོ་ཚུགས་པ་རེད། ;0
བུད་མེད་དེས་བཙན་རྒོལ་བྱེད་མཁན་གྱི་སྣ་ལ་རྡེག་འདུག ;effect;དགྲ་བཅོམ་བྱེད་མཁན་གྱི་ལུས་པོ་སྲོག་མེད་པའི་གནས་སུ་ཕྱིན་པ་རེད། ;དགྲ་བཅོམ་བྱེད་མཁན་ལ་ཁྲག་ཐིག་རྒྱབ་པ་རེད། ;1
མདའ་གཞུ་དེས་དོམ་མིག་ལ་སྐྱོན་ཤོར་སོང་། ;cause;མི་དེའི་དེད་ཆས་ཀྱི་ཐིག་ཚད་མི་དྲང་བ་རེད། ;མི་དེས་རྩེད་འགྲན་འདི་ལས་རྒྱལ་ཁ་ཐོབ་བཞིན་འདུག ;0
ཁྱིམ་བདག་དེས་དུག་འབུ་གསོད་མཁན་ཞིག་རང་གི་ཁྱིམ་དུ་ཡོང་དགོས་པའི་ཞུ་བ་ཕུལ་འདུག ;cause;ཁོང་ཚོས་ཐོག་ཁང་གི་ནང་ཙི་ཙི་རྙེད་པ་རེད། ;ཁོང་རང་གི་ཁང་མིག་ནང་ཐིག་ལེ་གསོ་སྐྱོང་ཁང་ཞིག་བཞག་ཡོད། ;0
ངས་མགྲོན་པོ་ལ་ང་གཉིས་ཕྱི་རུ་ཟ་བར་འགྲོ་བར་གྲོས་འཆར་ཞུས་པ་ཡིན། ;cause;ངས་ལས་ཀ་གང་ཡང་བྱེད་མ་ཐུབ་པར་ཧ་ཅང་ཐང་ཆད་སོང་། ;ངའི་མགྲོན་པོ་འདི་དགོན་པར་དུས་ཡུན་རིང་པོར་བསྡད་འདུག ;0
བུ་མོ་དེས་སྤུན་གྱིས་མོའི་ཉིན་དེབ་ཀློག་བཞིན་པ་མཐོང་། ;effect;མོ་གིས་ཉིན་དེབ་སྦས་འགོ་ཚུགས་པ་རེད། ;མོ་ལ་ཉིན་དེབ་གསར་པ་ཞིག་ཐོབ་འདུག ;0
བུད་མེད་དེ་ལ་ཁང་གླ་སྤྲོད་རྒྱུ་དངུལ་མེད་པ་རེད། ;effect;མོ་ལས་ཀ་མང་བ་བྱེད་ཀྱི་ཡོད། ;མོ་རང་གི་ལས་ཀ་སྤངས་པ་རེད། ;0
བུ་ཆུང་གི་ལག་པ་དེ་འཕྲལ་དུ་འཐོར་སོང་། ;cause;ཁོང་ཚོས་མེ་ཐབ་ལ་རེག་པ་རེད། ;ཁོ་ཡིས་ཁྱི་ཕྲུག་གི་མགོ་ལ་རེག་སོང་། ;0
ལས་འགུལ་གྱིས་ཚོང་མིར་དགའ་སྐྱིད་ཚད་འཇལ་འདོད་འདུག ;effect;ཚོང་པ་གསར་པ་ཚོར་གླ་ཕོགས་ཕབ་ལེན་བྱས་ཡོད། ;ཁོ་ཚོས་ཚོང་པ་ཚོར་ཞིབ་འཇུག་ཞིག་བཏང་། ;1
ཤིང་གི་ཐོག་ལ་དྲེག་པ་ཆགས་པ་རེད། ;cause;བུ་དེས་ཉལ་ཁྲི་སྟེང་གི་སོག་མ་རྣམས་འཕངས་སོང་། ;བུ་དེས་ས་སྟེང་ནས་བཞུགས་ཁྲི་ཞིག་འཐེན་སོང་། ;1
ངས་རང་གི་གདོང་ལ་སྲུང་སྐྱོབ་བྱེད་པ་ཡིན། ;cause;ངའི་དགྲ་བོས་ང་ལ་འཕྱ་ཞིང་འཕྱ་བགད། ;ངའི་དགྲ་བོས་རྡབ་རྡབ་རྒྱབ་སོང་། ;1
སྐུ་འདྲ་གྲགས་ཅན་དེ་མེར་བསྲེགས་པ་རེད། ;cause;གློག་འཁྱུག་གིས་བརྡུང་འདུག ;མི་རྣམས་དེ་ལ་གུས་འདུད་ཞུ་བར་ཡོང་གི་ཡོད། ;0
ངས་ཤིང་འབྲས་རྣམས་ལྕོག་རྩེ་སྟེང་བཞག་པ་ཡིན། ;effect;འབྲས་བུ་ལ་སོན་ཐོན། ;སྦྲང་འབུ་རྣམས་ཀྱིས་ཤིང་འབྲས་ལ་རྔུལ་བར་བྱས། ;1
བལ་མོ་མོ་དེས་རུས་རུས་རྐེད་ཀྱི་རུས་ཚིགས་བཅད་པ་རེད། ;cause;མོ་ཡིས་རྐང་པ་དེའི་སྟེང་བསྟན་པ་རེད། ;མོ་ལ་རྐང་པ་འཐེན་འདུག ;1
བུ་ཆུང་གི་ལྷམ་ཐག་ཐག་ཐག་མོལ་སོང་། ;cause;ཁོང་ཉིད་དེ་དག་བསྡམས་སྟངས་སྦྱངས་པ་རེད། ;ཁོ་ནི་རྩེད་ཐང་གི་སྟེང་ནས་རྒྱུགས་བཞིན་འདུག ;1
ངས་དེབ་དེའི་ནང་བཀོད་པ་ཤིན་ཏུ་དགའ། ;effect;ངས་དེབ་དེ་ཕྱིར་ལོག་བཏང་སོང་། ;ངས་དུས་ཀྱི་གོ་དོན་མ་ཤེས་པ་རེད། ;1
མི་དེས་རང་གི་ཕ་མའི་ཆོས་ལུགས་དང་མཐུན་པ་ཡོད། ;cause;ཕ་མ་གཉིས་ནས་ཁོ་ལ་ཕན་ཐོགས་བྱུང་ཡོད། ;ཕ་མ་གཉིས་ཀྱིས་ཁོང་སྤངས་པ་རེད། ;0
སྣུམ་འཁོར་འདི་དལ་པོར་སོང་ནས་འགོར་སོང་། ;cause;སྣུམ་འཁོར་གྱི་སྣུམ་མར་རླངས་སོང་། ;ཊི་ཝན་ཇོ་བདག་གཉིད་ཁུག་སོང་། ;0
མི་དེས་ཉི་མ་ལ་ཁུ་བ་ཟ་སོང་། ;effect;ཟ་ཇ་གྲང་གི་བྲོ་བ་ཉམས་སོང་། ;གོས་ཁུག་ནས་ཁུ་བ་ཐིག་ལེ། ;1
ངས་ཁང་མིག་ནང་དུ་རི་མོ་ཁག་བཏགས་པ་ཡིན། ;cause;སྣོད་དེ་བཙོག་པ་ལྟ་བུ་འདུག ;གྱང་རྩིག་ནི་སྟོནཔོ་འདུག ;1
ངས་ལས་ཀ་སྔ་མོ་ནས་ཚར་སོང་། ;cause;ངའི་མགོ་ན་ཟུག་བྱུང་སོང་། ;ངའི་ལས་བྱེད་པས་ཚོགས་འདུ་ཞིག་ཚོགས་འདུག ;0
ཁྱི་ཆུང་གིས་ཁེབས་ལ་ལུད། ;effect;སྦྱིན་པས་ཁྱི་ཆུང་དེ་ལ་ཁ་བརྡུང་བཏང་། ;སྦྱིན་པས་ཁྱི་ཆུང་དེ་ལ་སྤྲད་པ་རེད། ;0
ངས་རང་གི་གྲོགས་པོ་ལ་བཤགས་པ་ཞུས་པ་ཡིན། ;effect;ངའི་གྲོགས་པོས་ང་ལ་བཟོད་གསོལ་བྱས་པ་ཡིན། ;ངའི་གྲོགས་པོ་ཁྲོས་སོང་། ;0
མི་དེས་མི་ཚོགས་ཁྲོད་ནས་ཕྱིར་ཐོན་པ་རེད། ;cause;ཁོང་ཉིད་ཀྱིས་སྒམ་ཁོག་ཞིག་འཁྱེར་ནས་ཕེབས་པ་རེད། ;ཁོ་ལ་ནི་ནེའུ་ཊིན་གྱི་གོས་གྱོན་འདུག ;1
དཔང་པོ་དེས་མནའ་སྐྱེལ་ནས་རྫུན་བཤད་འདུག ;effect;ཁོང་གིས་རང་གི་དཔང་པོའི་ཚིག་དོན་ཆ་ཚང་བཤད་ཡོད། ;ཁོང་ལ་རྫུན་དཔང་བཤད་པ་ཀྱི་ཉེས་སྐྱོན་ཕོག་འདུག ;1
བུད་མེད་དེས་སྐྲ་ལ་རེག་པ་རེད། ;cause;མོ་ལ་ལྟ་ཚུལ་གསར་པ་ཞིག་དགོས་པ་རེད། ;མོ་ནི་མི་འདྲ་བ་ཞིག་འདོད་ཀྱི་འདུག ;0
ཕྱི་རྒྱལ་གྱི་མི་ཚོ་ཁྲིམས་འགལ་ཐོག་རྒྱལ་ཁབ་ནང་སྡོད་ཀྱི་ཡོད་པར་འཛིན་བཟུང་བྱས་འདུག ;effect;ཁོང་ཚོས་ལས་ཀ་རྙེད་བྱུང་། ;ཁོང་རྣམས་བཙན་བྱོལ་དུ་བཏང་། ;1
སྤྱི་ཚོགས་ལ་སྐད་ཆ་བཤད་མཁན་གྱིས་དགོད་བྲོ་ཞིག་བཤད་བྱུང་། ;effect;མི་ཚོགས་དགོད་བྲོ་ཆེན་པོ་བྱས། ;མི་ཚོགས་ཡར་ལངས་པ་རེད། ;0
ངས་ཉི་མ་ལ་བལྟས་པ་ཡིན། ;effect;ཉི་མ་གིས་ང་ལ་ལོང་བར་བཟོས་པ་རེད། ;ཉི་མ་གིས་ངའི་པགས་པ་ལ་དྲོད་ཁེངས་པ་བཟོས་བྱུང་། ;0
ངས་ཡིད་ཐང་ཆད་འདུག ;effect;ངས་ཧྲུག་ཤོབ་བྱས་པ་ཡིན། ;ངས་ཁ་བ་གད་བྱུང་། ;1
ཤ་ནི་བཏོག་རྒྱུ་དཀའ་བ་རེད། ;cause;སྟ་གྲི་ནི་རྨ་ཆག་འདུག ;ཤ་ནི་མ་བཙོས་པ་རེད། ;0
བུད་མེད་དེས་དངུལ་ཆད་ཀྱི་གསལ་བསྒྲགས་བྱས་འདུག ;cause;མོ་ལ་ཨ་ལིན་ཏི་དངུལ་སྤྲོད་ཀྱི་ཡོད། ;མོ་ལ་བུ་ལོན་ཆེན་པོ་ཞིག་ཡོད་འདུག ;1
ངའི་གྲོགས་པོའི་ཁང་པའི་མེ་ལྕེ་འབར་བཞིན་འདུག ;effect;ངས་ཁོང་ཕྱི་རུ་ཡོད་མེད་སྐོར་བསམ་བྱུང་། ;ངས་ཁོང་ལ་མཇལ་བར་སོང་བར་ཐག་བཅད་པ་ཡིན། ;1
ངས་མེ་ཏོག་དེ་རང་གི་སྣ་འོག་བཞག་པ་ཡིན། ;effect;མེ་ཏོག་གི་པད་མ་རྣམས་མར་བབས་པ་རེད། ;ངས་མེ་ཏོག་གི་དྲི་ཞིམ་ལ་གོ་བྱུང་། ;1
བུད་མེད་དེ་ལ་དྲན་པ་གདུང་བའི་ཚོར་བ་བྱུང་ངོ་། ;cause;མོ་ནི་བྱིས་དུས་ཀྱི་གྲོགས་པོ་ཞིག་དང་ཐུག་འཕྲད་བྱས་པ་ཡིན། ;མོ་རང་གི་བུ་རྣམས་ལ་སྐད་ཅོར་བརྒྱབ་པ་རེད། ;0
སློབ་ཕྲུག་གིས་རྩོམ་ཡིག་དེ་འགོར་སོང་། ;effect;ཁོང་གིས་རྩོམ་ཡིག་དེ་སྔ་ཕུལ་བ་རེད། ;ཁོ་ཡིས་ཤོག་ངོས་མ་ཚང་བར་ཕུལ་བ་རེད། ;1
ངའི་འཁོར་ལོ་ཁ་ཆག་སོང་། ;effect;ང་ཚོང་ཁང་དུ་སོང་བ་ཡིན། ;ངས་འཕྲུལ་འཁོར་བཟོ་བ་ཞིག་བོས་པ་ཡིན། ;1
ངས་ཡི་གེ་དེ་ཕྱིར་འབུད་བྱས་པ་ཡིན། ;cause;མ་མིང་མེད་པ་ཞིག་རེད། ;དེ་ཀློག་མི་ཐུབ་པ་ཞིག་རེད། ;1
བྱ་དེ་ཤོག་པ་རྡབ་སོང་། ;effect;ཕྲུ་གུ་ཚོས་སྒོ་ང་སྐྱེས། ;སྟེང་ལ་ཡར་འཕགས་སོང་། ;1
ངས་ཁང་པའི་མདུན་ལམ་དུ་བསྡད་ཡོད། ;cause;གར་ཇར་སྒོ་ཕྱེས་ཡོད། ;གར་ཇར་གང་ནས་ཡོད། ;1
དམར་པོ་དེས་མི་བསད་པའི་ཕྱོགས་སུ་མཚོན་ཆ་ཁ་དཀྱུས་བྱས་འདུག ;effect;ཉེས་ཅན་གྱིས་མཚོན་ཆ་ཕབ་སོང་། ;ཉམས་རྒུདཔ་གིས་ཕྱག་ཡར་བཏེགས་ཏེ། ;1
ངས་ངལ་གསོའི་ཞག་མཇུག་ལ་རེ་སྒུག་བྱེད་པ་ཡིན། ;cause;ངས་ཨ་ཁུའི་དུར་ཁྲོད་ལ་འགྲོ་འདོད་བྱུང་། ;ངས་ངའི་གྲོགས་པོའི་གཉེན་སྟོན་ལ་ཞུགས་འཆར་ཡོད། ;1
ངས་དུས་ཀྱི་གོ་དོན་མ་ཤེས་པ་རེད། ;cause;ངས་ཉིན་ལྟར་རྨི་ལམ་མཐོང་གི་འདུག ;ང་ཚ་བ་འདུག ;0
ཡིག་ཆ་དེ་ཀློག་མ་ཐུབ་པར་པར་པར་སྐྲུན་བྱས་ཡོད། ;cause;འབྲི་འཕྲུལ་གྱི་སྣུམ་བབས་སོང་འདུག ;ཤོག་ལེབ་ཚང་བ་རེད། ;0
རྩེད་ཐང་དུ་རྒྱལ་ཡོངས་གླུ་དབྱངས་ཀྱི་སྒྲ་སྒྲོགས་འདུག ;effect;འབངས་མི་ཚོས་དར་ཆའི་ཕྱོགས་སུ་ཁ་བསྒྱུར་བ་རེད། ;འབངས་ཚོགས་ཀྱིས་རྩེད་ཐང་ནང་དུ་བརྒྱུགས་སོང་། ;0
ཤ་ཁུ་ལ་སོགས་པའི་ཟས་ཀྱི་བྲོ་བ་མི་བདེ་བ་འདུག ;effect;ངས་དེ་ཕུལ་བ་ཡིན། ;ངས་དེ་ལ་ཚྭ་བླུགས་པ་ཡིན། ;1
ངས་ཤོག་ལེབ་དེ་ཆུ་རླུགས་པའི་ས་སྟེང་བཞག་པ་ཡིན། ;effect;ཐ་ཝལ་གྱིས་རླངས་རྫས་རྣམས་འཐེན་པ་རེད། ;ཆུ་བབས་ཀྱིས་གཏེར་རྫས་ཤིག་ལྷག་ལུས་འདུག ;0
བུད་མེད་དེའང་རང་གི་དཔེ་དེབ་ཀློག་བཞིན་པའི་སྐབས་འགག་ཆ་བྱས་འདུག ;effect;མོ་གིས་རང་གི་ཤོག་ངོས་ལ་ bookmark བྱས་འདུག ;ཁོ་མོས་དེབ་དེ་ཡང་སྐྱར་ཀློག་པ་རེད། ;0
གནམ་གྲུ་ནང་རླུང་འཚུབ་ཤུགས་ཆེན་པོ་བྱུང་འདུག ;effect;མི་དེས་རང་གི་ཉེན་རྟོག་སྐེ་རགས་དམ་པོར་བསྡམས་པ་རེད། ;མི་དེས་སྒེ་ཁུང་ནས་ཕྱི་མིག་ལྟ་བ་རེད། ;0
བུ་ཆུང་གིས་སེམས་མ་སྐྱིད་པ་རེད། ;cause;བུ་མོ་དེས་ཁོ་ལ་དོ་སྣང་མ་བྱས་སོ། ;བུ་མོ་དེས་ཁོ་ལ་རྡེག་སོང་། ;1
སྨན་པ་རྣམས་ཀྱིས་ནད་པ་དེ་ལ་རྐང་ལག་ལག་བཟོ་བ་ཞིག་བཏང་། ;cause;ཁོ་ཚོས་མོའི་རྐང་པ་བཅད་པ་རེད། ;ཁོང་ཚོས་མོ་གི་སྲོག་གི་རྟགས་ལ་ལྟ་རྟོག་བྱེད་ཡོད། ;0
བུ་དེས་བུ་མོ་ཀྱི་ལག་པ་རྡེག་སོང་། ;effect;ཁོ་མོས་ཁོ་ལ་དཔུང་པ་ཡར་བཏེགས་པ་རེད། ;ཁོ་མོ་རང་གི་ལག་པ་དེ་ཁོ་ནས་འཐེན་སོང་། ;1
ངས་རང་གི་གྲོགས་པོ་ལ་གྲོས་མོལ་ཞུས་པ་ཡིན། ;cause;ངས་ཁོང་གི་བསམ་ཚུལ་ལ་བརྩི་བཀུར་བྱེད་ཀྱི་ཡོད། ;ངས་རང་རང་དྲང་པོ་ཡིན་པ་ཤེས་བྱུང་། ;0
བུ་དེས་འདམ་རྫབ་ལ་རྐང་པ་རྡེག་སོང་། ;effect;ས་འདམ་དེ་ཁོའི་ལྷམ་ལ་འཐག་པ་རེད། ;ལྕགས་ཀྱུས་ཁོའི་གདོང་ལ་རྡུང་འདུག ;0
གྲོང་ཁྱེར་ནང་ཁ་བ་ཚད་སེན་ཊི་མི་ཊར་ ༡༠༠ ཙམ་འབབ་པ་རེད། ;effect;སློབ་གྲྭ་ཁག་གི་སློབ་གྲྭ་ཁག་ཀྱང་ཆབས་ཅིག་གྲོལ་ཡོད། ;མི་རྣམས་ས་འོག་གབ་ནས་སྡོད་ཀྱི་ཡོད། ;0
ལས་མིའི་ལས་ཀའི་དུས་མཚམས་མཇུག་བསྡུས། ;effect;ཉིན་དེར་ཁོང་ཁྱིམ་དུ་ཕེབས་པ་རེད། ;ཁོ་ལས་ཀ་དོར་རྒྱུའི་འཇིགས་སྐུལ་བྱས་པ་ཡིན། ;0
ཤིང་སྡོང་གིས་ཁང་པ་ལ་གནོད་པ་བཏང་། ;cause;ཤིང་དེ་ཐོག་ཁར་ལྷུང་སོང་། ;ཤིང་སྡོང་གིས་ཁང་པའི་རྒྱབ་ལ་གྲིབ་བསིལ་བཏང་། ;0
ཤིང་དེ་གཉིས་སུ་གྱེས་པ་རེད། ;cause;ངས་མེ་ལྕེའི་ནང་དུ་ཤིང་ཆས་བཀང་ནས་བཞག་པ་ཡིན། ;ངས་ཤིང་སྡོང་ལ་སྟ་རེ་འཕེན་པ་ཡིན། ;1
ཁྱིམ་ཚང་གིས་ཁོང་གཉིས་ལ་དགའ་བསུ་ཞུས་ཡོད། ;cause;ཁོང་གཉིས་སོ་སོར་ཁ་བྲལ་གྱི་སྐོར་གསལ་བསྒྲགས་བྱས་པ་རེད། ;ཁོང་གཉིས་ཕྲུ་གུ་ཞིག་ཡོད་པར་གསལ་བསྒྲགས་བྱས་པ་རེད། ;1
བུ་མོ་དེས་བུ་ལ་བེལ་ཊི་ནིན་གྱི་ཤོག་བུ་ཞིག་བཏང་འདུག ;cause;ཁོ་མོ་ཁོ་ལ་དགའ་པོ་འདུག ;ཁོ་མོ་ཁོ་ལ་འོ་བྱས་འདུག ;0
ངས་རང་གི་གྲོགས་པོ་དེའི་གཏམ་ལ་མགོ་གཡུགས་པ་ཡིན། ;cause;ངས་མགོ་འཐོམ་བྱུང་། ;ངས་ཁོང་དང་མཐུན་པ་ཡིན། ;1
གྲོགས་པོ་རྣམས་ཀྱིས་དངུལ་སྒོར་ཞིག་འཕངས་པ་རེད། ;cause;ཁོང་ཚོས་འགྲིག་མཐུན་ཡོང་བའི་ཐབས་ལམ་ཞིག་འཚོལ་འདོད་འདུག ;དེ་རྣམས་ཀྱིས་དྲང་པོའི་ཁྲིམས་ཐག་གཅོད་འདོད་པ་རེད། ;1
ཟ་ཁང་གི་ཆུ་ཚོད་འགོར་བ་ཆུད་ཟོས་བྱུང་། ;effect;མི་དེས་ཉོ་ཚོང་རྣམས་གྲང་གཞིའི་ནང་དུ་ཕབ་སོང་། ;མི་དེས་ཕོར་པ་ནས་པི་ཛ་ཁུ་བླངས་པ་རེད། ;1
བུད་མེད་དེས་དམིགས་ཡུལ་ཆེན་པོ་ཞིག་བརྩམས་པ་རེད། ;effect;མོ་རང་རང་འཐེན་པས་ ;མོ་ལ་དཀའ་ལས་ཆེན་པོ་ཞིག་བབས་པ་རེད། ;1
མི་ཕྱུག་པོ་དེ་ནི་རྒས་པའི་རྐྱེན་གྱིས་ཤི་བ་རེད། ;effect;ཁོང་གི་བུ་ལ་ཁྲིམས་དོན་གྱི་དཀའ་ངལ་བྱུང་འདུག ;ཁོང་རང་གི་བུ་ལ་ནོར་སྐལ་ཐོབ་པ་རེད། ;1
བུད་མེད་དེས་མེ་ལྕེའི་སྟེང་དུ་རྐང་པ་རྡོག་བརྫིས་བཏང་། ;effect;མེ་ལྕེ་དེ་ཆག་སོང་། ;མེ་ལྕེའི་དཀྱིལ་ནས་དུ་བ་ཐོན་ནོ།། ;0
བུད་མེད་དེའི་ཤིང་རྟ་ནི་ཚོང་ཁང་ནང་དུ་ཡོད་དོ། ;cause;ཁོང་རང་གི་དེད་གཡོགཔ་གི་ལག་ཁྱེར་ཕྱིར་འཐེན་བྱས་འདུག ;མོ་ལ་འཁོར་ལམ་གྱི་རྐྱེན་ངན་ཞིག་བྱུང་འདུག ;1
ངས་ངའི་གློག་ཀླད་ཀྱི་ཟབ་ཟབ་ཀྱི་སྐབས་གཉིད་ལོག་སོང་། ;effect;ངས་ཁ་ཟས་བཟོས་པ་ཡིན། ;ངས་ཁ་སང་ཁ་ཟས་ཟ་མ་ཐུབ་པ་ཡིན། ;1
མི་སྣ་དེ་ལིམ་ཇིན་ནས་མར་བབས་པ་རེད། ;effect;པར་ཆས་རྣམས་ཁོང་ཕྱོགས་ནས་གློག་འཁྱུགས་པ་རེད། ;ཁོང་གི་ནང་མི་རྣམས་གསར་འགོད་ལྷན་ཚོགས་དེར་ཕེབས་འདུག ;0
བུད་མེད་དེ་ཆུ་སྣོད་ནང་དུ་ཡུན་རིང་སྡོད་པ་རེད། ;effect;ཆུ་འཁྱུ་སའི་ཆུ་དེ་དྲོད་ཚ་པོ་ཆགས་པ་རེད། ;ཆུ་ཁུ་ནི་ཆུ་རྫིང་ནས་ཐོན་པ་རེད། ;0
སློབ་ཕྲུག་གིས་སློབ་གྲྭའི་ནང་སློབ་ཕྲུག་གཞན་དང་ཐུག་འདོད་འདུག ;effect;ཁོང་གྲོང་སྡེར་ཞུགས་པ་རེད། ;ཁོ་ནི་བཟོ་རིག་ནང་གཙུག་ལག་སློབ་སྦྱོང་བྱས་པ་ཡིན། ;0
ངས་སོག་པོའི་སོག་མ་ཡར་བཏེགས་པ་ཡིན། ;cause;ངས་དངུལ་ཆུང་ཆུང་འཚོལ་བཞིན་ཡོད། ;ངས་ཁང་པའི་ནང་ལ་སྒྲིག་སྦྱོར་བྱེད་བཞིན་ཡོད། ;0
སྦལ་པ་བུ་དེའི་ཕྱོགས་སུ་འཕུར་སོང་། ;effect;བུ་དེ་བྲོས་སོང་བ་རེད། ;བུ་དེས་མེ་ཏོག་ཞིག་བླངས་པ་རེད། ;0
བུད་མེད་དེ་ལ་ཉེས་སྐྱོན་ཆུང་ངུ་ཞིག་ཡོད་པར་ངོས་འཛིན་བྱས་འདུག ;effect;མོ་ལ་སྤྱི་ཚོགས་ལས་ཀ་བྱེད་རྒྱུའི་ཁྲིམས་ཐག་བཅད། ;མོ་ལ་སྲོག་ཁྲིམས་ཁྲིམས་ཐག་བཅད་པ་རེད། ;0
ངས་ཆུ་ཚ་པོ་ནང་སོག་རེས་བསྲེས་པ་ཡིན། ;effect;ཊི་ཡི་སྣུམ་ཐིག་ཐིག་ཐིག་ཐིག་ ;ཤ་ཀེར་རླངས་སོང་། ;1
དམག་མི་རྒན་པོ་དེས་རྐང་པ་ཞ་གེར་བརྒྱབ་ནས་འགྲོ་གི་འདུག ;cause;ཁོང་དམག་ལ་ཞུགས་པ་རེད། ;དམག་འཁྲུགས་སྐབས་རྨས་སྐྱོན་བྱུང་ཡོད། ;1
ཁྲིམས་འགལ་བ་དེས་ཁྲིམས་སྲུང་འགག་པའི་མདུན་ནས་བྲོས་སོང་། ;effect;ཁྲིམས་སྲུང་འགག་པ་གིས་གནོད་སྐྱོན་བྱུང་བའི་མི་ལ་རོགས་སྐྱོར་བྱས་འདུག ;ཁྲིམས་སྲུང་འགག་པ་གིས་ཉེས་ཅན་དེ་དེད་སོང་། ;1
གློག་ཀླད་ཁ་པར་ཁ་མི་ལྡོག་པས། ;cause;ངས་དེ་ཕུད་སོང་། ;ངས་གློག་ལེན་བྱས་པ་ཡིན། ;0
བུད་མེད་དེའི་སྐུ་གདུང་ཁང་གི་ཁང་མིག་ཚང་སོང་། ;cause;མོ་ལ་གོས་གོས་མང་པོ་ཡོད། ;མོ་ཡིས་གོས་བཀྲུས་པ་སྒྲིལ་བ་རེད། ;0
མི་དེའི་སེམས་སྐྱོ་ཆེན་པོ་བྱུང་། ;cause;ཁོའི་ཆུང་མ་ཕྲུ་གུ་སྐྱེས་སོང་། ;ཁོའི་ཆུང་མ་ཁོ་དང་ཁ་བྲལ་སོང་། ;1
མི་དེས་གཙུག་ལག་རབ་འབྱམས་པ་ཐོབ་པ་རེད། ;effect;ཁོང་ཉིད་རང་གི་འདོད་པའི་ལས་ཀ་དེའི་ཆེད་འོས་སྦྱོར་ཐོབ་པ་རེད། ;ཁོང་རང་གི་ལས་ཀ་དེ་ཕྱིར་འཐེན་བྱས་འདུག ;0
མི་དེའི་སྐད་སྒྲ་ནི་ཚོགས་ཁང་གི་ནང་དུ་གསལ་པོར་ཐོན། ;cause;ཁོང་གིས་ཚོགས་མི་རྣམས་ལ་འཚམས་འདྲི་ཞུས་པ། ;ཁོས་མི་ཀེ་རོཕོན་ནང་དུ་གཏམ་བཤད་བྱུང་། ;1
ངས་ཆུ་མིག་ནང་དུ་དངུལ་སྒོར་གཅིག་འཕངས་པ་ཡིན། ;effect;དངུལ་ཀྲམ་དེ་མཚོ་ནང་དུ་ལྷུང་སོང་། ;དངུལ་ཀྲམ་དེ་ཕྱེད་ཀ་དུ་ཆག་སོང་། ;0
རྩེད་འགྲན་པ་དེས་རྡུང་བའི་ཁ་ཕྱོགས་ལ་རྡུང་། ;effect;པོ་ལིས་ཕུར་བུའི་ནང་འཛུལ་སོང་། ;པོ་ལིས་རྩེད་འགྲན་པ་དེའི་ཕྱོགས་སུ་ལོག་སོང་། ;0
ངས་ཐོག་ཁའི་ས་རྡུལ་ནང་དབུགས་བླུགས་པ་ཡིན། ;effect;ངས་ཧི་ཀུབ་བརྒྱབ་པ་ཡིན། ;ངས་ཧང་སང་སོང་། ;1
ཚོང་ཁང་གི་དངུལ་ཁང་གི་ལས་བྱེད་པས་སྲུང་སྐྱོབ་པར་འབོད་པ། ;cause;ཚོང་པ་དེས་དངུལ་རྫུས་མ་བེད་སྤྱོད་བྱས་འདུག ;མགྲོན་པོ་དེས་རང་གི་མདུན་གྱི་སྒྲོན་མེ་འབར་བར་བཞག་འདུག ;0
ངས་རྩོག་པ་ཕྱི་རུ་འཁྱེར་སོང་། ;cause;ཟ་ཁང་གི་བཙོག་པ་ནས་དྲི་ངན་བྲོ་བ་བྱུང་། ;ངས་ནོར་འཁྲུལ་གྱིས་ངའི་ཉོ་ཚོང་གི་ཐོ་ཡིག་ཕྱིར་འཕངས་པ་ཡིན། ;0
ཁྱིམ་ཚང་རྣམས་སེམས་ཅན་གསོ་སྐྱོང་ཁང་དུ་སོང་ངོ་། ;effect;བྱིས་པ་རྣམས་ཀྱིས་དུད་འགྲོ་རྣམས་ལ་དགའ་བསུ་བྱས་པ་ཡིན། ;བྱིས་པ་རྣམས་ཀྱིས་དུད་འགྲོ་རྣམས་དེད་སོང་། ;0
མི་དེའི་དབུགས་ཤུགས་ཆེན་པོ་འདུག ;cause;ཁོང་རང་གི་མཁལ་བ་ན་བའི་རྐྱེན་གྱིས། ;ཁོང་རང་གི་དབུགས་ཀྱི་ཁོག་པ་འགོག་པ་རེད། ;1
ངས་གླུ་གར་འཁྲབ་སྟོན་གྱི་སྒོར་ཤོག་ལེབ་ལྷག་པ་ཞིག་ཉོས་ཡོད། ;effect;ངས་རང་གི་གྲོགས་པོ་ལ་ས་ཆ་དེར་འགྲོ་སའི་ལམ་སྟོན་ཞུས་པ་ཡིན། ;ངས་རང་གི་གྲོགས་པོ་ལ་འགྲོ་བར་འདོད་ཡོད་མེད་དྲིས་པ་ཡིན། ;1
ཁང་པའི་རླུང་འཕྲོད་འཁོར་ནི་ཆག་སོང་། ;effect;ངས་ཁེབས་ཤིག་འཁྱེར་ནས་ཡོང་བ་ཡིན། ;ངས་སྒེ་ཁུང་ཁ་ཕྱེས་པ་ཡིན། ;1
བུ་ལ་རྒྱབ་སྐྱོར་མེད་པས་ན་ཟུག་འདུག ;cause;ཁོ་ཡི་སྒམ་པང་ཁ་ཕྱེས་ཡོད། ;ཁོ་ལ་སྒམ་ཁུག་ལྗིད་པོ་འདུག ;1
ངས་ཨ་མ་ལ་ཕྱག་རྟགས་ཞིག་ཉོས་པ་ཡིན། ;cause;ངས་མོའི་ཆེད་དུ་བག་ལེབ་ཞིག་བཟོས་པ་ཡིན། ;ཉིན་དེ་ནི་མོའི་འཁྲུངས་སྐར་ཉིན་མོ་རེད། ;1
ལྡུམ་རའི་ནང་གི་པད་མ་མེ་ཏོག་རྣམས་འཇིག་པ་རེད། ;cause;སྦྲང་འབུ་ཞིག་གིས་ལྡུམ་རའི་རྩྭ་པ་སོ་བཏབ་པ་རེད། ;སྦལ་པ་ཚོས་མེ་ལོང་རྣམས་བརྐོས་ནས་བཏོན་པ་རེད། ;1
ངས་མེ་ལྕེ་འཕེན་པ་ཡིན། ;effect;མེ་ལྕེ་དེ་ཡལ་སོང་། ;མེ་ལྕེའི་མེ་ལྕེ་ཞིག་ཐོན་པ་རེད། ;1
རྩོད་རྙོག་ཅན་གྱི་ཚོགས་པ་གཉིས་གྲོས་མོལ་ཞིག་ཏུ་སླེབས་པ་རེད། ;cause;ཁོང་ཚོས་ཁྲིམས་ཁང་དུ་རྩོད་གླེང་བྱེད་འདོད་མེད། ;ཁོང་གཉིས་ཀྱིས་རང་གི་མཐུན་འབྲེལ་སླར་གསོ་བྱེད་འདོད་འདུག ;0
བྱིས་པ་ཚོ་བྱིས་ཁྱིམ་དུ་བཏང་། ;cause;ཕ་མ་གཉིས་ཤི་སོང་། ;ཕ་མ་རྣམས་ཀྱིས་ཁོང་ཚོར་སྡུག་རྩུབ་བཏང་། ;0
གནམ་གཤིས་ཀྱི་རྡུལ་ཞིག་རྒྱ་མཚོ་ནང་དུ་ལྷུང་སོང་། ;effect;ཊུ་ན་མི་ཞིག་བྱུང་འདུག ;ཆར་བ་འབབ་འགོ་ཚུགས་པ་རེད། ;0
འགྲུལ་པ་དེས་དུག་སྦྲུལ་ཞིག་དང་འཕྲད་བྱུང་། ;effect;མོ་ལ་ཆུ་ཉུང་བའི་ནད་ཡམས་བྱུང་འདུག ;མོ་འཇིགས་སྣང་ཆེན་པོ་སྐྱེས་པ་རེད། ;1
མཆོད་མེ་འབར་བ་རེད། ;cause;ངས་མེ་ཐབ་ཁ་ཕྱེ་པ་ཡིན། ;ངས་སྣོད་དེ་སྣོད་ཆས་ནང་བཞག་པ་ཡིན། ;0
ངས་ལི་མོན་གྱི་ཆ་ཤས་ཤིག་བཙིར་སོང་། ;effect;ལི་མོན་གྱི་རིགས་ལ་ཐིག་ལེ་ཆགས་པ་རེད། ;ལི་མོན་གྱི་ཆུ་བུས་ཁེངས་ཡོད། ;1
རྒྱལ་ཁབ་ཀྱིས་ས་ཆ་གསར་པ་རྙེད་པ། ;effect;རྒྱལ་ཁབ་ཀྱིས་ཡུལ་དེ་སྤངས་པ་རེད། ;རྒྱལ་ཁབ་ཀྱིས་ཡུལ་གྲུ་བཙན་བཟུང་བྱས་པ། ;1
སྐར་ཁུང་གི་དཀར་ཆག་སྒོར་ཕབ་སོང་། ;effect;ས་ཐོག་ཡོངས་སུ་རྡུལ་དུ་རླངས་པ་རེད། ;གོས་ཀྱི་འདམ་རྫབ་ཞིག་ནང་ལྷུང་། ;0
སྟེགས་བུ་འགུལ་སོང་། ;cause;ས་ཐོག་ནི་ཚད་ལྡན་མིན་པ་རེད། ;ས་ཐོག་ནི་འཇམ་པོ་འདུག ;0
ཕ་ཡིས་བུ་ལ་རྫུན་བཤད་པར་བཟུང་། ;effect;ཁོང་གི་བུ་ཡིས་བདེན་པར་ངོས་ལེན་བྱས་པ་ཡིན། ;ཕ་ཡིས་རང་གི་བུ་ལ་ཡིད་ཆེས་བྱས་པ་ཡིན། ;0
མི་དེའི་མགོ་ལ་ནད་ཟུག་གིས་མནར་བ་འདུག ;effect;ཁོ་ཡིས་གྲང་གཞིའི་སྨན་ཞིག་འཐུང་སོང་། ;ཁོ་ཡིས་ཨ་སིབ་རི་ནིན་ (aspirin) འཐུང་འདུག ;1
ལྕམ་མགྲིན་གྱིས་མྱུར་དུ་འགྲོ་བཞིན་འདུག ;cause;ཊི་ལིང་གི་ས་ཁོངས་ལ་ཉེ་བར་སླེབས་འདུག ;ལས་རིམ་གྱི་དུས་ཡུན་རྒྱབ་པ་རེད། ;0
མི་དེས་སྨན་བཅོས་ལ་ཞུགས་པ་རེད། ;cause;ཁོང་རང་གི་ནང་མི་ནང་པའི་ནང་མི་ནང་པའི་ནང་མི་ནང་པའི་ནང་མི་ནང་པའི་ནང་མི་ནང་པའི་ནང་མི་ནང་པའི་ནང་མི་ནང་པའི་ནང་མི་ནང་པ་ ;ཁོང་ལ་སེམས་ཕམ་ཆེན་པོ་ཡོད་པ་ཤེས་བྱུང་། ;1
བུད་མེད་དེས་རང་གི་མགྲིན་པ་བཟུང་། ;cause;མོ་ཡིས་ཟས་ཀྱི་ཁུ་བ་མིད་པ་རེད། ;མོ་ཟས་ཀྱིས་གྲང་ཟུང་བརྒྱབ་པ་རེད། ;1
བུད་མེད་དེ་ལ་མགྲིན་པ་ན་བའི་ནད་ཞིག་འདུག ;effect;མོ་སྐད་ལ་སྐད་ཆ་མི་བདེ་བ་ཞིག་འདུག ;མོ་སྐད་སྒྲ་ཞིག་བཤད་ཡོད། ;0
ཁྱི་དེས་ལྕོག་སྟེང་གི་ཤ་ཁུ་ཁུ་ལ་བལྟས་པས། ;effect;མཆུ་འདོན། ;ཞིག་བཞག་འདུག ;0
བུད་མེད་དེའི་ཚོང་ལས་དེ་ཡར་རྒྱས་ཕྱིན་པ་རེད། ;effect;མོ་རང་གི་ལས་བྱེད་པ་རྣམས་གློད་བཀྲོལ་བཏང་། ;མོ་ཕྱུག་པོར་གྱུར་ཡོད། ;1
སློབ་ཕྲུག་རྣམས་སློབ་ཁང་ནས་ཐོན་སོང་། ;cause;སྒྲ་ཐིག་འབུད་སོང་། ;སློབ་དཔོན་གྱིས་ལས་འགན་སྤྲོད་པ། ;0
བུད་མེད་དེས་རྣམ་ཤེས་མཐོང་བའི་བརྗོད་གཞི། ;effect;མོའི་གྲོགས་པོ་ཚོས་དེ་ལ་དོགས་པ་ཡོད་ཅེས་བརྗོད་འདུག ;ཁོང་དང་འབྲེལ་བའི་མི་སྣ་ཁག་གི་མིང་། ;0
མི་དེས་གོ་ཐོས་ཉམས་སོང་། ;cause;ཁོང་རྒྱ་མཚོའི་ནང་ཆི བས་ཤི་བར་ཐག་ཉེར་ཡོད། ;ཁོང་རང་རང་གློག་མེ་ཞིག་ནང་ཤི་བར་ཐག་ཉེར་ཡོད། ;1
བུ་ཆུང་གིས་རླུང་གཡུག་གི་ཐག་པ་ཕུད་སོང་། ;effect;གློག་ཀླད་ཀྱི་རླུང་འཕྲིན། ;གློག་ཀླད་ཀྱི་རླུང་གིས་གནམ་ལ་འཕུར་སོང་། ;1
མི་དེས་གཏམ་སྨྲ་བའི་ནུས་པ་ཉམས་སོང་། ;cause;ཁོ་ལ་གློག་འགུགས་བྱུང་འདུག ;ཁོ་ཡིས་དབུགས་ཤུགས་ཆེན་པོ་ཞིག་འཐེན་སོང་། ;0
བུད་མེད་དེ་ལམ་སྟེང་ནས་འགྱེལ་སོང་། ;cause;ཁུར་རྡོའི་ནང་ཧྲལ་བ་ཞིག་འདུག ;མོ་རང་གི་མིང་འབོད་པ་དེ་ཐོས་པ་རེད། ;0
མི་དེས་ཆུ་ལ་གློག་རྡུལ་འཕངས་སོང་། ;effect;སྲུང་སྐྱོབ་པས་ཁོ་རྗེས་སུ་མཆོངས་སོ། ;མི་དེས་ཆུ་སྲུང་བ་ལ་ཆུ་སྦང་བཏང་། ;1
ངས་དུག་སྨན་འཐུང་ཡོད། ;effect;ངའི་ནད་དུག་ཡལ་སོང་། ;ངའི་ནད་དུག་ཁྱབ་སོང་། ;0
སྣུམ་འཁོར་ལམ་གྱི་གློག་འོད་སེར་པོར་གྱུར་འདུག ;effect;ཊི་ཝན་ཇོ་ཡིས་གློག་འགོག་ལ་ཤུགས་ཆག་བཏང་། ;ཊི་ཇར་གྱིས་དུང་འབུད་སོང་། ;0
ཊི་ལར་བཀོལ་བའི་སྣོད་ཆས་བཞུ་བ་རེད། ;cause;ངས་སྣོད་དེ་ཆུ་ཚ་པོ་ནང་སྦང་སོང་། ;ངས་སྣོད་དེ་མེ་ཐབ་སྟེང་བཞག་པ་ཡིན། ;1
སྣུམ་འཁོར་ལ་རྨས་སྐྱོན་བྱུང་འདུག ;cause;སྣུམ་འཁོར་གྱི་དེད་དཔོན་གྱིས་གློག་ཀླད་ཀྱི་ཀ་བའི་ནང་བརྡུངས་པ་རེད། ;ཊི་ཝན་གྱིས་གློག་དམར་གྱི་གློག་རྒྱུན་ལ་རྒྱུགས་སོང་། ;0
བུ་དེས་མཚན་གང་སློབ་སྦྱོང་བྱས་པ་ཡིན། ;effect;ཁོ་ལ་བརྟག་དཔྱད་དེ་མ་རྒྱུགས་པ་རེད། ;ཁོ་ལ་བརྟག་དཔྱད་ལེགས་གྲུབ་བྱུང་འདུག ;1
བུ་ཆུང་འདི་ཆུ་རྫིང་གི་ཁ་ལ་འཐེན་ནས་བསྡད་འདུག ;cause;ཁོང་ཆུའི་ནང་ཆུའི་ཐོག་ཆུའི་ཐོག་ཆུའི་ཐོག་ཆུའི་ཐོག་ཆུའི་ཐོག་ཆུའི་ཐོག་ཆུའི་ཐོག་ཆུའི་ཐོག་ ;སྲུང་སྐྱོབ་པ་ལས་འགན་འཁུར་ཡོད་པ་རེད། ;0
ངས་རང་གི་ལག་པ་རང་གི་བྲང་པར་བཞག་པ་ཡིན། ;effect;ངའི་སེམས་ཀྱི་རྡུང་ཤུགས་ལ་ཚོར་བ་བྱུང་། ;ངའི་སེམས་ཀྱི་ཤུགས་ཚད་ཡར་འཕར་སོང་ངོ་། ;0
ངའི་ལས་ཁང་གི་ཉེ་འགྲམ་གྱི་ཁང་པ་ནི་བརྩིགས་བཞིན་ཡོད། ;effect;ངའི་ལས་ཁང་དུ་མི་ཚོགས་མང་པོ་འདུག ;ངའི་ལས་ཁང་དུ་སྐད་ཆེན་པོ་འདུག ;1
ཁྱིམ་ཚང་འདི་ཚོས་རང་གི་ཁྱིམ་མཚེས་གསར་པ་ཚོ་ངོ་ཤེས་འདོད་འདུག ;effect;ཁྱིམ་ཚང་གིས་ཁྱིམ་མཚེས་རྣམས་དགོང་ཟས་སུ་གདན་འདྲེན་ཞུས་ཡོད། ;ཁྱིམ་ཚང་གིས་ཁྱིམ་མཚེས་རྣམས་ལ་ཕྱག་འཁྱམས་བཏང་། ;0
ཆུ་རྫིང་ནས་ཆུ་འབབས་བྱུང་། ;cause;ཆུ་ལ་ཆུའི་ནང་ཆུར་མཆོངས་པ། ;ཆུ་ལ་ཆུའི་ནང་ཆུའི་ནང་ཆུའི་ནང་ཆུའི་ནང་ཆུའི་ནང་ཆུའི་ནང་ཆུའི་ནང་ཆུའི་ནང་ཆུའི་ནང་ཆུའི་ནང་ཆུའི་ནང་ཆུའི་ནང་ཆུའི་ནང་ ;0
ངས་ཆུ་སྲིན་གྱི་དུམ་བུ་ཞིག་ཟ་སོང་། ;effect;ངས་ནོར་འཁྲུལ་གྱིས་སོན་ཞིག་མིད་པ་རེད། ;ངས་སྐྱོན་གྱིས་སོ་ཞིག་ཕྲ་སོང་། ;0
བུ་དེ་འགྱེལ་སོང་། ;cause;ཁོང་རང་གི་ཁེ་ཁེ་ཁ་ཕྱེ་འདུག ;ཁོང་རང་གི་ལྷམ་ཐག་བཀྲོལ་ཡོད་འདུག ;1
བུད་མེད་དེས་རྣ་འགོག་པའི་ཡོ་བྱད་བཙུགས་པ་རེད། ;cause;མོ་སྐད་ཅོར་འཐོར་བར་གྱུར་འདུག ;མོ་ལ་རྣ་ཁུང་རྡོག་ཐིག་བཏང་ཡོད། ;0
ངས་ཆུ་སྣུམ་ཁུག་པ་ཡང་བསྐྱར་བཀང་སོང་། ;cause;ངས་ཆུ་ཚང་མ་འཐུང་ནས་འགྲོ་བཞིན་ཡོད། ;ངས་དེ་གྲང་གཞིའི་ནང་བཞག་པ་ཡིན། ;0
རྒྱང་མཐོང་གི་བརྙན་འཕྲིན། ;cause;དེའི་ནང་དུ་ཚིག་རྩུབ་པོ་དག་བཀོད་ཡོད། ;རྒྱུད་ཀྱི་རྩོམ་ཡིག་རྙོག་ཟིང་ཅན་ཞིག་རེད། ;0
གྲུ་གཟིངས་ཆག་གྲབ་བྱུང་། ;effect;མི་རྣམས་ཆུའི་ནང་ཆིབས ;གྲུ་གཟིངས་ནང་འཛུལ་བ་རྣམས་མཚོ་སྔོན་པོ་རྣམས་དང་འཕྲད་པ་རེད། ;0
བུ་ཆུང་དེ་ལ་གབ་ཚིག་དེའི་དོན་རྟོགས་མི་ཐུབ་པ་བྱུང་ངོ་། ;effect;ཁོང་གིས་གབ་ཚིག་དེ་གསལ་པོར་བཤད་སོང་། ;ཁོང་གིས་བརྡ་ཞིག་ཞུས་པ་རེད། ;1
གློག་ཀླད་ཀྱི་སྒྲ་གྲགས། ;effect;མི་དེས་ཁ་པར་དཀྲོག་པ་རེད། ;མི་དེས་ལན་འདེབས་བྱས་པ་ཡིན། ;1
བུད་མེད་དེས་ང་ལ་བལྟས་ནས་འདུག ;effect;ངས་མོ་ལ་འཐམས་ནས་འཁོན་པ་ཡིན། ;ངས་རང་ཉིད་ལ་མི་བདེ་བ་ཞིག་བྱུང་སོང་། ;1
སྡེ་ཚན། མུ་སེའི་ལས་ཁང་ནས་ཐོན་སོང་། ;cause;སྟོན་པའི་དངོས་པོ་དག་གི་པར་ལེན་པ་རེད། ;ཁོང་ཚོས་དཔེ་སྟོན་གྱི་དངོས་པོ་ཚང་མ་གཟིགས་སོ། ;1
མི་དེས་ང་དང་རྩོད་གླེང་བྱས་པ་ཡིན། ;effect;ངའི་གྲོགས་པོས་ང་ལ་མི་དེ་དང་ངོ་སྤྲོད་བྱས་པ་ཡིན། ;ངའི་གྲོགས་པོ་དེས་ང་ལ་རྒྱབ་སྐྱོར་བྱས་པ་ཡིན། ;1
ངའི་འཁོར་ལོའི་འཁོར་ལོ་ལ་རྨ་སྐྱོན་བྱུང་། ;effect;ངས་འཁོར་ལོའི་ནང་རླུང་བསྐྱུགས་པ་ཡིན། ;ངས་འཁོར་ལོའི་ཁ་བསྒྱུར་བྱས་པ་ཡིན། ;0
བུ་མོ་དེ་ཁ་རོག་པོ་འདུག ;effect;ཕ་ཡིས་མོ་ལ་སྒྲུང་ཞིག་ཀློག་བྱུང་། ;ཕ་ཡིས་མོའི་མགོ་བོའི་སྟེང་ལ་རེག་པ་ ;1
པི་ལིང་གི་སྣུམ་ཐིག་རྫོགས་སོང་། ;effect;ངས་པེན་སི་ལ་བེད་སྤྱོད་བྱས་པ་ཡིན། ;ངས་རང་གི་མིང་རྟགས་བཀོད་ཡོད། ;0
མི་དེ་ལ་བུ་ལོན་སྤྲོད་རྒྱུ་ཁས་ལེན་བྱས་མེད། ;cause;ཁོ་ལ་བུ་ལོན་ཡོད་པ་རེད། ;ཁོང་རང་ཚོང་ལས་ཞིག་འཛུགས་པ་རེད། ;0
བུ་མོ་དེ་སློབ་གྲྭ་ནས་ཁྱིམ་དུ་བསྡད་ཡོད། ;cause;མོ་ལ་དུག་ནད་ཞིག་ཡོད་འདུག ;མོ་ནི་རྩིས་རིག་སྦྱངས་པར་དགའ་བ་ཞིག་རེད། ;0
ཕྱགས་སྙིགས་ཁུག་པ་གང་འདུག ;effect;ངས་དེ་རྫམ་པར་འཁྱེར་སོང་། ;ངས་ཆུ་མཛོད་ནང་བླུགས་པ་ཡིན། ;0
ངས་ས་ཁེབས་ལ་བཙོག་པ་བཏང་། ;cause;ངའི་ཁྱིམ་གྲོགས་ཀྱིས་ཁུ་བ་འཐོར་སོང་། ;ངའི་ཁྱི་ལ་སྐྲ་ཐིག་པ་འདུག ;1
མི་དེས་ཁོང་ཁྲོ་ལངས་པ་རེད། ;effect;ཁོ་ཡིས་ཁོང་གི་གློག་ཀླད་བཀག་པ་རེད། ;ཁོ་ཡིས་བཞུགས་ཁྲི་ཁང་གི་ཕྱོགས་གཞན་དུ་འཕངས་སོང་། ;1
བུ་མོ་དེས་ཤིང་སྡོང་གི་ཡལ་ག་ཞིག་མེའི་ནང་དུ་འཕངས་སོང་། ;effect;ཤིང་སྡོང་གི་ཡལ་ག་འཚིག་སོང་། ;མེ་སོལ་སོང་བ་རེད། ;0
མི་དེའང་ཆུ་སྦང་ཁང་ནས་ཐོན་སོང་། ;cause;ཆུ་ཚ་པོ་ནི་མེད་པ་རེད། ;ཁོ་ལ་སྣོད་ཆས་རྙེད་མ་སོང་། ;0
ཕ་མ་གཉིས་རང་གི་བུ་ཚོ་མཐོ་སློབ་དུ་འགྲོ་འདོད་འདུག ;effect;ཁོང་ཚོས་སློབ་གསོའི་དངུལ་སྒོར་ཞིག་ཟུར་འཇོག་བྱས་ཡོད། ;ཁོང་ཚོས་རང་གི་ཕྲུ་གུ་ཚོར་ཕྱི་རོལ་དུ་རྩེད་མོ་རྒྱག་པར་སྐུལ་སློང་བྱས་པ་ཡིན། ;0
མི་དེས་ལྷམ་ཐག་བཀྲོལ་སོང་། ;effect;ལྷམ་དེ་འཐེན་ནས་འགྲོ། ;ལྷམ་དེ་རལ་སོང་འདུག ;0
མི་དེས་ཟས་ཀྱི་ཕྱེད་ཀ་ཟ་སོང་། ;effect;ཁོང་ཉིད་ཟས་ལྷག་མ་དེ་གྲང་གཞག་ཏུ་བཞག་པ་རེད། ;ཁོས་སྨན་རྫས་དེ་བསྐྱུར་བ་རེད། ;0
ངའི་རྐང་པ་སྐྲ་ནད། ;effect;ངས་དེ་ལ་འཁྱགས་པས་བཀབ་པ་ཡིན། ;ངས་དེ་ལ་སྨན་པ་བྱུགས་པ་ཡིན། ;0
ངའི་ལས་ཁང་གི་སྒོ་ཕྱེས་འདུག ;effect;ངས་ངའི་ལས་རོགས་དང་གཏམ་གླེང་བྱས་པ་ཡིན། ;ངས་ཚོགས་ཁང་གི་ནང་པའི་གཏམ་གླེང་དེ་ཐོས་བྱུང་། ;1
ངས་སྒོར་ལངས་དགོས་བྱུང་སོང་། ;effect;ངས་བསྡད་ས་ཞིག་བླངས་པ་ཡིན། ;ངས་གློག་དེབ་ཞིག་ཀློག་པ་ཡིན། ;1
མི་དེས་འཕུར་བ་ལ་བལྟས་པས། ;effect;སྦྲང་འབུ་དེ་འཕུར་སོང་། ;སྦྲང་མ་དེ་ཁ་རོག་བསྡད་འདུག ;0
མི་དེས་རང་གི་ testament (གཏའ་བཅམ་) ཞིག་བྲིས་པ་རེད། ;cause;ཁོང་ཤི་གྲབ་ཡོད་པ་རེད། ;ཁོང་ཁྱོ་ག་ཤི་ཟིན་པ་རེད། ;0
རྒྱུག་འགྲན་བྱེད་མཁན་དེས་རང་གི་འགྲན་པ་དེས་ཁོ་ལ་ཟིན་པ་ཚོར་ཚོར་བ་རེད། ;effect;ཁོང་གོམ་འགྲན་ལས་ཕྱིར་འཐེན་བྱས་འདུག ;ཁོང་རང་གི་འགྲོ་བརྒྱུགས་ཤུགས་ཆེ་རུ་བཏང་། ;1
ངས་དཀའ་ངལ་དེ་དལ་པོར་བསམ་བློ་བཏང་བ་རེད། ;effect;ངས་བསླབ་བྱ་ལེན་པ་ཡིན། ;ངས་ཐབས་ཤེས་ཞིག་རྙེད་བྱུང་། ;1
འགྲུལ་པ་དེས་འགུལ་བཞིན་ཡོད་པའི་གནམ་ལྕགས་ཀྱི་ས་སྟེང་ནས་འགྲུལ་བཞུད། ;effect;ཁོ་འཇིགས་སྣང་ཆེན་པོ་སྐྱེས་པ་རེད། ;ཁོང་དགའ་པོ་བྱུང་ནས་དགའ་སྤྲོས་ཁེངས་པ་རེད། ;0
མི་དེས་རྩེད་འགྲན་བྱེད་མཁན་ཚོ་རྒྱལ་ཁ་ཐོབ་པར་རེ་བ་ཆེན་པོ་ཡོད། ;effect;ཁོ་ནི་རྩེད་འགྲན་བལྟ་བར་རང་གི་གྲོགས་པོ་རྣམས་དང་ཐུག་སོང་། ;ཁོང་རང་གི་གྲོགས་པོ་རྣམས་དང་མཉམ་དུ་གླ་ཆའི་གླ་ཆའི་གླ་ཆའི་གླ་ཆའི་གླ་ཆའི་གླ་ཆའི་གླ་ཆའི་གླ་ཆའི་གླ་ཆའི་གླ་ཆའི་གླ་ཆའི་གླ་ཆའི་གླ་ཆའི་གླ་ཆའི་གླ་ཆའི་གླ་ཆའི་གླ་ཆའི་གླ་ཆའི་གླ་ཆའི་གླ་ཆའི་གླ་ཆའི་ ;1
བུ་དེ་གཉིད་ལོག་མ་ཐུབ་པ་རེད། ;effect;ཁོང་རང་གི་གློག་ཀླད་ཀྱི་ཆུ་ཚོད་སྒྲིག་པ་རེད། ;ཁོས་ལུག་གྲངས་རྩིས་བྱས། ;1
